No.,분류군,학명,대표국명,명명자,명명년도,멸종위기종,Phylum,문,Class,강,Order,목,Family,과,Genus,속,Subgenus,아속,Species,종
1,조류,Aix galericulata,원앙,(Linnaeus),-1758,,Chordata,척삭동물문,Aves,조강,Anseriformes,기러기목,Anatidae,오리과,Aix,원앙속,,,galericulata,원앙
2,조류,Anas acuta,고방오리,Linnaeus,1758,,Chordata,척삭동물문,Aves,조강,Anseriformes,기러기목,Anatidae,오리과,Anas,오리속,,,acuta,고방오리
3,조류,Anas americana,아메리카홍머리오리,Gmelin,1789,,Chordata,척삭동물문,Aves,조강,Anseriformes,기러기목,Anatidae,오리과,Anas,오리속,,,americana,아메리카홍머리오리
4,조류,Anas carolinensis,미국쇠오리,Gmelin,1789,,Chordata,척삭동물문,Aves,조강,Anseriformes,기러기목,Anatidae,오리과,Anas,오리속,,,carolinensis,미국쇠오리
5,조류,Anas clypeata,넓적부리,Linnaeus,1758,,Chordata,척삭동물문,Aves,조강,Anseriformes,기러기목,Anatidae,오리과,Anas,오리속,,,clypeata,넓적부리
6,조류,Anas crecca,쇠오리,Linnaeus,1758,,Chordata,척삭동물문,Aves,조강,Anseriformes,기러기목,Anatidae,오리과,Anas,오리속,,,crecca,쇠오리
7,조류,Anas falcata,청머리오리,Georgi,1775,,Chordata,척삭동물문,Aves,조강,Anseriformes,기러기목,Anatidae,오리과,Anas,오리속,,,falcata,청머리오리
8,조류,Anas formosa,가창오리,Georgi,1775,,Chordata,척삭동물문,Aves,조강,Anseriformes,기러기목,Anatidae,오리과,Anas,오리속,,,formosa,가창오리
9,조류,Anas penelope,홍머리오리,Linnaeus,1758,,Chordata,척삭동물문,Aves,조강,Anseriformes,기러기목,Anatidae,오리과,Anas,오리속,,,penelope,홍머리오리
10,조류,Anas platyrhynchos,청둥오리,Linnaeus,1758,,Chordata,척삭동물문,Aves,조강,Anseriformes,기러기목,Anatidae,오리과,Anas,오리속,,,platyrhynchos,청둥오리
11,조류,Anas poecilorhyncha,흰뺨검둥오리,Forster,1781,,Chordata,척삭동물문,Aves,조강,Anseriformes,기러기목,Anatidae,오리과,Anas,오리속,,,poecilorhyncha,흰뺨검둥오리
12,조류,Anas querquedula,발구지,Linnaeus,1758,,Chordata,척삭동물문,Aves,조강,Anseriformes,기러기목,Anatidae,오리과,Anas,오리속,,,querquedula,발구지
13,조류,Anas rubripes,미국오리,Brewster,1902,,Chordata,척삭동물문,Aves,조강,Anseriformes,기러기목,Anatidae,오리과,Anas,오리속,,,rubripes,미국오리
14,조류,Anas strepera,알락오리,Linnaeus,1758,,Chordata,척삭동물문,Aves,조강,Anseriformes,기러기목,Anatidae,오리과,Anas,오리속,,,strepera,알락오리
15,조류,Anser albifrons,쇠기러기,(Scopoli),-1769,,Chordata,척삭동물문,Aves,조강,Anseriformes,기러기목,Anatidae,오리과,Anser,기러기속,,,albifrons,쇠기러기
16,조류,Anser anser,회색기러기,Linnaeus,1758,,Chordata,척삭동물문,Aves,조강,Anseriformes,기러기목,Anatidae,오리과,Anser,기러기속,,,anser,회색기러기
17,조류,Anser caerulescens,흰기러기,(Linnaeus),-1758,,Chordata,척삭동물문,Aves,조강,Anseriformes,기러기목,Anatidae,오리과,Anser,기러기속,,,caerulescens,흰기러기
18,조류,Anser canagicus,흰머리기러기,(Sevastianov),-1802,,Chordata,척삭동물문,Aves,조강,Anseriformes,기러기목,Anatidae,오리과,Anser,기러기속,,,canagicus,흰머리기러기
19,조류,Anser cygnoides,개리,(Linnaeus),-1758,Ⅱ,Chordata,척삭동물문,Aves,조강,Anseriformes,기러기목,Anatidae,오리과,Anser,기러기속,,,cygnoides,개리
20,조류,Anser erythropus,흰이마기러기,(Linnaeus),-1758,Ⅱ,Chordata,척삭동물문,Aves,조강,Anseriformes,기러기목,Anatidae,오리과,Anser,기러기속,,,erythropus,흰이마기러기
21,조류,Anser fabalis,큰기러기,(Latham),-1787,Ⅱ,Chordata,척삭동물문,Aves,조강,Anseriformes,기러기목,Anatidae,오리과,Anser,기러기속,,,fabalis,큰기러기
22,조류,Anser indicus,줄기러기,(Latham),-1790,,Chordata,척삭동물문,Aves,조강,Anseriformes,기러기목,Anatidae,오리과,Anser,기러기속,,,indicus,줄기러기
23,조류,Aythya americana,미국흰죽지,(Eyton),-1838,,Chordata,척삭동물문,Aves,조강,Anseriformes,기러기목,Anatidae,오리과,Aythya,흰죽지속,,,americana,미국흰죽지
24,조류,Aythya baeri,붉은가슴흰죽지,(Radde),-1863,,Chordata,척삭동물문,Aves,조강,Anseriformes,기러기목,Anatidae,오리과,Aythya,흰죽지속,,,baeri,붉은가슴흰죽지
25,조류,Aythya ferina,흰죽지,(Linnaeus),-1758,,Chordata,척삭동물문,Aves,조강,Anseriformes,기러기목,Anatidae,오리과,Aythya,흰죽지속,,,ferina,흰죽지
26,조류,Aythya fuligula,댕기흰죽지,(Linnaeus),-1758,,Chordata,척삭동물문,Aves,조강,Anseriformes,기러기목,Anatidae,오리과,Aythya,흰죽지속,,,fuligula,댕기흰죽지
27,조류,Aythya marila,검은머리흰죽지,(Linnaeus),-1761,,Chordata,척삭동물문,Aves,조강,Anseriformes,기러기목,Anatidae,오리과,Aythya,흰죽지속,,,marila,검은머리흰죽지
28,조류,Aythya nyroca,적갈색흰죽지,(Guldenstadt),-1770,,Chordata,척삭동물문,Aves,조강,Anseriformes,기러기목,Anatidae,오리과,Aythya,흰죽지속,,,nyroca,적갈색흰죽지
29,조류,Aythya valisineria,큰흰죽지,(A.Wilson),-1814,,Chordata,척삭동물문,Aves,조강,Anseriformes,기러기목,Anatidae,오리과,Aythya,흰죽지속,,,valisineria,큰흰죽지
30,조류,Branta bernicla,흑기러기,(Linnaeus),-1758,Ⅱ,Chordata,척삭동물문,Aves,조강,Anseriformes,기러기목,Anatidae,오리과,Branta,흑기러기속,,,bernicla,흑기러기
31,조류,Branta canadensis,캐나다기러기,(Linnaeus),-1758,,Chordata,척삭동물문,Aves,조강,Anseriformes,기러기목,Anatidae,오리과,Branta,흑기러기속,,,canadensis,캐나다기러기
32,조류,Branta ruficollis,붉은가슴기러기,(Pallas),1769,,Chordata,척삭동물문,Aves,조강,Anseriformes,기러기목,Anatidae,오리과,Branta,흑기러기속,,,ruficollis,붉은가슴기러기
33,조류,Bucephala albeola,꼬마오리,Linnaeus,1758,,Chordata,척삭동물문,Aves,조강,Anseriformes,기러기목,Anatidae,오리과,Bucephala,흰뺨오리속,,,albeola,꼬마오리
34,조류,Bucephala clangula,흰뺨오리,(Linnaeus),-1758,,Chordata,척삭동물문,Aves,조강,Anseriformes,기러기목,Anatidae,오리과,Bucephala,흰뺨오리속,,,clangula,흰뺨오리
35,조류,Bucephala islandica,북방흰뺨오리,(Gmelin),-1789,,Chordata,척삭동물문,Aves,조강,Anseriformes,기러기목,Anatidae,오리과,Bucephala,흰뺨오리속,,,islandica,북방흰뺨오리
36,조류,Clangula hyemalis,바다꿩,(Linnaeus),-1758,,Chordata,척삭동물문,Aves,조강,Anseriformes,기러기목,Anatidae,오리과,Clangula,바다꿩속,,,hyemalis,바다꿩
37,조류,Cygnus columbianus,고니,(Ord),-1815,Ⅱ,Chordata,척삭동물문,Aves,조강,Anseriformes,기러기목,Anatidae,오리과,Cygnus,고니속,,,columbianus,고니
38,조류,Cygnus cygnus,큰고니,(Linnaeus),-1758,Ⅱ,Chordata,척삭동물문,Aves,조강,Anseriformes,기러기목,Anatidae,오리과,Cygnus,고니속,,,cygnus,큰고니
39,조류,Cygnus olor,혹고니,(Gmelin),-1789,Ⅰ,Chordata,척삭동물문,Aves,조강,Anseriformes,기러기목,Anatidae,오리과,Cygnus,고니속,,,olor,혹고니
40,조류,Histrionicus histrionicus,흰줄박이오리,(Linnaeus),-1758,,Chordata,척삭동물문,Aves,조강,Anseriformes,기러기목,Anatidae,오리과,Histrionicus,흰줄박이오리속,,,histrionicus,흰줄박이오리
41,조류,Melanitta americana,검둥오리,(Swainson),-1832,,Chordata,척삭동물문,Aves,조강,Anseriformes,기러기목,Anatidae,오리과,Melanitta,검둥오리속,,,americana,검둥오리
42,조류,Melanitta deglandi,검둥오리사촌,(Bonaparte),-1850,,Chordata,척삭동물문,Aves,조강,Anseriformes,기러기목,Anatidae,오리과,Melanitta,검둥오리속,,,deglandi,검둥오리사촌
43,조류,Mergellus albellus,흰비오리,(Linnaeus),-1758,,Chordata,척삭동물문,Aves,조강,Anseriformes,기러기목,Anatidae,오리과,Mergellus,흰비오리속,,,albellus,흰비오리
44,조류,Mergus merganser,비오리,Linnaeus,1758,,Chordata,척삭동물문,Aves,조강,Anseriformes,기러기목,Anatidae,오리과,Mergus,비오리속,,,merganser,비오리
45,조류,Mergus serrator,바다비오리,Linnaeus,1758,,Chordata,척삭동물문,Aves,조강,Anseriformes,기러기목,Anatidae,오리과,Mergus,비오리속,,,serrator,바다비오리
46,조류,Mergus squamatus,호사비오리,Gould,1864,Ⅰ,Chordata,척삭동물문,Aves,조강,Anseriformes,기러기목,Anatidae,오리과,Mergus,비오리속,,,squamatus,호사비오리
47,조류,Netta rufina,붉은부리흰죽지,(Pallas),-1773,,Chordata,척삭동물문,Aves,조강,Anseriformes,기러기목,Anatidae,오리과,Netta,붉은부리흰죽지속,,,rufina,붉은부리흰죽지
48,조류,Somateria spectabilis,호사북방오리,(Linnaeus),-1758,,Chordata,척삭동물문,Aves,조강,Anseriformes,기러기목,Anatidae,오리과,Somateria,호사북방오리속,,,spectabilis,호사북방오리
49,조류,Tadorna cristata,원앙사촌,(Kuroda),-1917,,Chordata,척삭동물문,Aves,조강,Anseriformes,기러기목,Anatidae,오리과,Tadorna,혹부리오리속,,,cristata,원앙사촌
50,조류,Tadorna ferruginea,황오리,(Pallas),-1764,,Chordata,척삭동물문,Aves,조강,Anseriformes,기러기목,Anatidae,오리과,Tadorna,혹부리오리속,,,ferruginea,황오리
51,조류,Tadorna tadorna,혹부리오리,(Linnaeus),-1758,,Chordata,척삭동물문,Aves,조강,Anseriformes,기러기목,Anatidae,오리과,Tadorna,혹부리오리속,,,tadorna,혹부리오리
52,조류,Aerodramus brevirostris,작은칼새,(Horsfield),-1840,,Chordata,척삭동물문,Aves,조강,Apodiformes,칼새목,Apodidae,칼새과,Aerodramus,작은칼새속,,,brevirostris,작은칼새
53,조류,Apus nipalensis,쇠칼새,(Hodgson),-1837,,Chordata,척삭동물문,Aves,조강,Apodiformes,칼새목,Apodidae,칼새과,Apus,칼새속,,,nipalensis,쇠칼새
54,조류,Apus pacificus,칼새,(Latham),-1801,,Chordata,척삭동물문,Aves,조강,Apodiformes,칼새목,Apodidae,칼새과,Apus,칼새속,,,pacificus,칼새
55,조류,Hirundapus caudacutus,바늘꼬리칼새,(Latham),-1801,,Chordata,척삭동물문,Aves,조강,Apodiformes,칼새목,Apodidae,칼새과,Hirundapus,바늘꼬리칼새속,,,caudacutus,바늘꼬리칼새
56,조류,Caprimulgus indicus,쏙독새,Latham,1790,,Chordata,척삭동물문,Aves,조강,Caprimulgiformes,쏙독새목,Caprimulgidae,쏙독새과,Caprimulgus,쏙독새속,,,indicus,쏙독새
57,조류,Aethia pusilla,작은바다오리,(Pallas),-1811,,Chordata,척삭동물문,Aves,조강,Charadriiformes,도요목,Alcidae,바다오리과,Aethia,작은바다오리속,,,pusilla,작은바다오리
58,조류,Brachyramphus perdix,알락쇠오리,(Pallas),-1811,,Chordata,척삭동물문,Aves,조강,Charadriiformes,도요목,Alcidae,바다오리과,Brachyramphus,알락쇠오리속,,,perdix,알락쇠오리
59,조류,Cepphus carbo,흰눈썹바다오리,Pallas,1811,,Chordata,척삭동물문,Aves,조강,Charadriiformes,도요목,Alcidae,바다오리과,Cepphus,흰눈썹바다오리,,,carbo,흰눈썹바다오리
60,조류,Cerorhinca monocerata,흰수염바다오리,(Pallas),-1811,,Chordata,척삭동물문,Aves,조강,Charadriiformes,도요목,Alcidae,바다오리과,Cerorhinca,흰수염바다오리속,,,monocerata,흰수염바다오리
61,조류,Synthliboramphus antiquus,바다쇠오리,(Gmelin),-1789,,Chordata,척삭동물문,Aves,조강,Charadriiformes,도요목,Alcidae,바다오리과,Synthliboramphus,바다쇠오리속,,,antiquus,바다쇠오리
62,조류,Synthliboramphus wumizusume,뿔쇠오리,(Temminck),-1836,Ⅱ,Chordata,척삭동물문,Aves,조강,Charadriiformes,도요목,Alcidae,바다오리과,Synthliboramphus,바다쇠오리속,,,wumizusume,뿔쇠오리
63,조류,Uria aalge,바다오리,(Pontoppidan),-1763,,Chordata,척삭동물문,Aves,조강,Charadriiformes,도요목,Alcidae,바다오리과,Uria,바다오리속,,,aalge,바다오리
64,조류,Uria lomvia,큰부리바다오리,(Linnaeus),-1758,,Chordata,척삭동물문,Aves,조강,Charadriiformes,도요목,Alcidae,바다오리과,Uria,바다오리속,,,lomvia,큰부리바다오리
65,조류,Charadrius alexandrinus,흰물떼새,Linnaeus,1758,,Chordata,척삭동물문,Aves,조강,Charadriiformes,도요목,Charadriidae,물떼새과,Charadrius,물떼새속,,,alexandrinus,흰물떼새
66,조류,Charadrius dubius,꼬마물떼새,Scopoli,1786,,Chordata,척삭동물문,Aves,조강,Charadriiformes,도요목,Charadriidae,물떼새과,Charadrius,물떼새속,,,dubius,꼬마물떼새
67,조류,Charadrius hiaticula,흰죽지꼬마물떼새,Linnaeus,1758,,Chordata,척삭동물문,Aves,조강,Charadriiformes,도요목,Charadriidae,물떼새과,Charadrius,물떼새속,,,hiaticula,흰죽지꼬마물떼새
68,조류,Charadrius leschenaultii,큰왕눈물떼새,Lesson,1826,,Chordata,척삭동물문,Aves,조강,Charadriiformes,도요목,Charadriidae,물떼새과,Charadrius,물떼새속,,,leschenaultii,큰왕눈물떼새
69,조류,Charadrius mongolus,왕눈물떼새,Pallas,1776,,Chordata,척삭동물문,Aves,조강,Charadriiformes,도요목,Charadriidae,물떼새과,Charadrius,물떼새속,,,mongolus,왕눈물떼새
70,조류,Charadrius morinellus,흰눈썹물떼새,Linnaeus,1758,,Chordata,척삭동물문,Aves,조강,Charadriiformes,도요목,Charadriidae,물떼새과,Charadrius,물떼새속,,,morinellus,흰눈썹물떼새
71,조류,Charadrius placidus,흰목물떼새,J.E.Gray & G.R.Gray,1863,Ⅱ,Chordata,척삭동물문,Aves,조강,Charadriiformes,도요목,Charadriidae,물떼새과,Charadrius,물떼새속,,,placidus,흰목물떼새
72,조류,Charadrius veredus,큰물떼새,Gould,1848,,Chordata,척삭동물문,Aves,조강,Charadriiformes,도요목,Charadriidae,물떼새과,Charadrius,물떼새속,,,veredus,큰물떼새
73,조류,Pluvialis fulva,검은가슴물떼새,(Gmelin),-1789,,Chordata,척삭동물문,Aves,조강,Charadriiformes,도요목,Charadriidae,물떼새과,Pluvialis,개꿩속,,,fulva,검은가슴물떼새
74,조류,Pluvialis squatarola,개꿩,(Linnaeus),-1758,,Chordata,척삭동물문,Aves,조강,Charadriiformes,도요목,Charadriidae,물떼새과,Pluvialis,개꿩속,,,squatarola,개꿩
75,조류,Vanellus cinereus,민댕기물떼새,(Blyth),-1842,,Chordata,척삭동물문,Aves,조강,Charadriiformes,도요목,Charadriidae,물떼새과,Vanellus,댕기물떼새속,,,cinereus,민댕기물떼새
76,조류,Vanellus vanellus,댕기물떼새,(Linnaeus),-1758,,Chordata,척삭동물문,Aves,조강,Charadriiformes,도요목,Charadriidae,물떼새과,Vanellus,댕기물떼새속,,,vanellus,댕기물떼새
77,조류,Glareola maldivarum,제비물떼새,Forster,1795,,Chordata,척삭동물문,Aves,조강,Charadriiformes,도요목,Glareolidae,제비물떼새과,Glareola,제비물떼새속,,,maldivarum,제비물떼새
78,조류,Haematopus ostralegus,검은머리물떼새,Linnaeus,1758,Ⅱ,Chordata,척삭동물문,Aves,조강,Charadriiformes,도요목,Haematopodidae,검은머리물떼새과,Haematopus,검은머리물떼새속,,,ostralegus,검은머리물떼새
79,조류,Hydrophasianus chirurgus,물꿩,(Scopoli),-1786,,Chordata,척삭동물문,Aves,조강,Charadriiformes,도요목,Jacanidae,물꿩과,Hydrophasianus,물꿩속,,,chirurgus,물꿩
80,조류,Chlidonias hybrida,구레나룻제비갈매기,(Pallas),-1811,,Chordata,척삭동물문,Aves,조강,Charadriiformes,도요목,Laridae,갈매기과,Chlidonias,흰죽지제비갈매기속,,,hybrida,구레나룻제비갈매기
81,조류,Chlidonias leucopterus,흰죽지제비갈매기,(Temminck),-1815,,Chordata,척삭동물문,Aves,조강,Charadriiformes,도요목,Laridae,갈매기과,Chlidonias,흰죽지제비갈매기속,,,leucopterus,흰죽지제비갈매기
82,조류,Chlidonias niger,검은제비갈매기,(Linnaeus),-1758,,Chordata,척삭동물문,Aves,조강,Charadriiformes,도요목,Laridae,갈매기과,Chlidonias,흰죽지제비갈매기속,,,niger,검은제비갈매기
83,조류,Gygis alba,흰제비갈매기,(Sparrman),1786,,Chordata,척삭동물문,Aves,조강,Charadriiformes,도요목,Laridae,갈매기과,Gygis,흰제비갈매기속,,,alba,흰제비갈매기
84,조류,Larus argentatus,재갈매기,Pontoppidan,1763,,Chordata,척삭동물문,Aves,조강,Charadriiformes,도요목,Laridae,갈매기과,Larus,갈매기속,,,argentatus,재갈매기
85,조류,Larus cachinans,한국재갈매기,Pallas,1811,,Chordata,척삭동물문,Aves,조강,Charadriiformes,도요목,Laridae,갈매기과,Larus,갈매기속,,,cachinans,한국재갈매기
86,조류,Larus canus,갈매기,Linnaeus,1758,,Chordata,척삭동물문,Aves,조강,Charadriiformes,도요목,Laridae,갈매기과,Larus,갈매기속,,,canus,갈매기
87,조류,Larus crassirostris,괭이갈매기,Vieillot,1818,,Chordata,척삭동물문,Aves,조강,Charadriiformes,도요목,Laridae,갈매기과,Larus,갈매기속,,,crassirostris,괭이갈매기
88,조류,Larus genei,긴목갈매기,Breme,1839,,Chordata,척삭동물문,Aves,조강,Charadriiformes,도요목,Laridae,갈매기과,Larus,갈매기속,,,genei,긴목갈매기
89,조류,Larus glaucescens,수리갈매기,Naumann,1840,,Chordata,척삭동물문,Aves,조강,Charadriiformes,도요목,Laridae,갈매기과,Larus,갈매기속,,,glaucescens,수리갈매기
90,조류,Larus glaucoides,작은흰갈매기,B.Meyer,1822,,Chordata,척삭동물문,Aves,조강,Charadriiformes,도요목,Laridae,갈매기과,Larus,갈매기속,,,glaucoides,작은흰갈매기
91,조류,Larus heuglini,줄무늬노랑발갈매기,Bree,1876,,Chordata,척삭동물문,Aves,조강,Charadriiformes,도요목,Laridae,갈매기과,Larus,갈매기속,,,heuglini,줄무늬노랑발갈매기
92,조류,Larus hyperboreus,흰갈매기,Gunnerus,1767,,Chordata,척삭동물문,Aves,조강,Charadriiformes,도요목,Laridae,갈매기과,Larus,갈매기속,,,hyperboreus,흰갈매기
93,조류,Larus ichthyaetus,큰검은머리갈매기,Pallas,1773,,Chordata,척삭동물문,Aves,조강,Charadriiformes,도요목,Laridae,갈매기과,Larus,갈매기속,,,ichthyaetus,큰검은머리갈매기
94,조류,Larus minutus,꼬마갈매기,Pallas,1776,,Chordata,척삭동물문,Aves,조강,Charadriiformes,도요목,Laridae,갈매기과,Larus,갈매기속,,,minutus,꼬마갈매기
95,조류,Larus relictus,고대갈매기,Lonnberg,1931,Ⅱ,Chordata,척삭동물문,Aves,조강,Charadriiformes,도요목,Laridae,갈매기과,Larus,갈매기속,,,relictus,고대갈매기
96,조류,Larus ridibundus,붉은부리갈매기,Linnaeus,1766,,Chordata,척삭동물문,Aves,조강,Charadriiformes,도요목,Laridae,갈매기과,Larus,갈매기속,,,ridibundus,붉은부리갈매기
97,조류,Larus saundersi,검은머리갈매기,(Swinhoe),-1871,Ⅱ,Chordata,척삭동물문,Aves,조강,Charadriiformes,도요목,Laridae,갈매기과,Larus,갈매기속,,,saundersi,검은머리갈매기
98,조류,Larus schistisagus,큰재갈매기,Stejneger,1884,,Chordata,척삭동물문,Aves,조강,Charadriiformes,도요목,Laridae,갈매기과,Larus,갈매기속,,,schistisagus,큰재갈매기
99,조류,Larus smithsonianus,옅은재갈매기,Coues,1862,,Chordata,척삭동물문,Aves,조강,Charadriiformes,도요목,Laridae,갈매기과,Larus,갈매기속,,,smithsonianus,옅은재갈매기
100,조류,Onychoprion aleuticus,알류샨제비갈매기,S.F. Baird,1869,,Chordata,척삭동물문,Aves,조강,Charadriiformes,도요목,Laridae,갈매기과,Onychoprion,,,,aleuticus,알류샨제비갈매기
101,조류,Pagophila eburnea,북극흰갈매기,(Phipps),-1774,,Chordata,척삭동물문,Aves,조강,Charadriiformes,도요목,Laridae,갈매기과,Pagophila,북극흰갈매기속,,,eburnea,북극흰갈매기
102,조류,Rissa tridactyla,세가락갈매기,(Linnaeus),-1758,,Chordata,척삭동물문,Aves,조강,Charadriiformes,도요목,Laridae,갈매기과,Rissa,세가락갈매기속,,,tridactyla,세가락갈매기
103,조류,Sterna albifrons,쇠제비갈매기,Pallas,1764,,Chordata,척삭동물문,Aves,조강,Charadriiformes,도요목,Laridae,갈매기과,Sterna,제비갈매기속,,,albifrons,쇠제비갈매기
104,조류,Sterna anaethetus,에위니아제비갈매기,Scopoli,1786,,Chordata,척삭동물문,Aves,조강,Charadriiformes,도요목,Laridae,갈매기과,Sterna,제비갈매기속,,,anaethetus,에위니아제비갈매기
105,조류,Sterna bergii,큰제비갈매기,Lichtenstein,1823,,Chordata,척삭동물문,Aves,조강,Charadriiformes,도요목,Laridae,갈매기과,Sterna,제비갈매기속,,,bergii,큰제비갈매기
106,조류,Sterna caspia,붉은부리큰제비갈매기,Pallas,1770,,Chordata,척삭동물문,Aves,조강,Charadriiformes,도요목,Laridae,갈매기과,Sterna,제비갈매기속,,,caspia,붉은부리큰제비갈매기
107,조류,Sterna dougallii,긴꼬리제비갈매기,Montagu,1813,,Chordata,척삭동물문,Aves,조강,Charadriiformes,도요목,Laridae,갈매기과,Sterna,제비갈매기속,,,dougallii,긴꼬리제비갈매기
108,조류,Sterna fuscata,검은등제비갈매기,Linnaeus,1766,,Chordata,척삭동물문,Aves,조강,Charadriiformes,도요목,Laridae,갈매기과,Sterna,제비갈매기속,,,fuscata,검은등제비갈매기
109,조류,Sterna hirundo,제비갈매기,Linnaeus,1758,,Chordata,척삭동물문,Aves,조강,Charadriiformes,도요목,Laridae,갈매기과,Sterna,제비갈매기속,,,hirundo,제비갈매기
110,조류,Sterna nilotica,큰부리제비갈매기,Gmelin,1789,,Chordata,척삭동물문,Aves,조강,Charadriiformes,도요목,Laridae,갈매기과,Sterna,제비갈매기속,,,nilotica,큰부리제비갈매기
111,조류,Thalasseus bernsteini,뿔제비갈매기,(Schlegel),1863,,Chordata,척삭동물문,Aves,조강,Charadriiformes,도요목,Laridae,갈매기과,Thalasseus,,,,bernsteini,뿔제비갈매기
112,조류,Xema sabini,목테갈매기,(Sabine),-1819,,Chordata,척삭동물문,Aves,조강,Charadriiformes,도요목,Laridae,갈매기과,Xema,목테갈매기속,,,sabini,목테갈매기
113,조류,Himantopus himantopus,장다리물떼새,(Linnaeus),-1758,,Chordata,척삭동물문,Aves,조강,Charadriiformes,도요목,Recurvirostridae,장다리물떼새과,Himantopus,장다리물떼새속,,,himantopus,장다리물떼새
114,조류,Recurvirostra avosetta,뒷부리장다리물떼새,Linnaeus,1758,,Chordata,척삭동물문,Aves,조강,Charadriiformes,도요목,Recurvirostridae,장다리물떼새과,Recurvirostra,뒷부리장다리물떼새속,,,avosetta,뒷부리장다리물떼새
115,조류,Rostratula benghalensis,호사도요,(Linnaeus),-1758,,Chordata,척삭동물문,Aves,조강,Charadriiformes,도요목,Rostratulidae,호사도요과,Rostratula,호사도요속,,,benghalensis,호사도요
116,조류,Actitis hypoleucos,깝작도요,(Linnaeus),-1758,,Chordata,척삭동물문,Aves,조강,Charadriiformes,도요목,Scolopacidae,도요과,Actitis,깝작도요속,,,hypoleucos,깝작도요
117,조류,Arenaria interpres,꼬까도요,(Linnaeus),-1758,,Chordata,척삭동물문,Aves,조강,Charadriiformes,도요목,Scolopacidae,도요과,Arenaria,꼬까도요속,,,interpres,꼬까도요
118,조류,Calidris acuminata,메추라기도요,(Horsfield),-1821,,Chordata,척삭동물문,Aves,조강,Charadriiformes,도요목,Scolopacidae,도요과,Calidris,붉은가슴도요속,,,acuminata,메추라기도요
119,조류,Calidris alba,세가락도요,(Pallas),-1764,,Chordata,척삭동물문,Aves,조강,Charadriiformes,도요목,Scolopacidae,도요과,Calidris,붉은가슴도요속,,,alba,세가락도요
120,조류,Calidris alpina,민물도요,(Linnaeus),-1758,,Chordata,척삭동물문,Aves,조강,Charadriiformes,도요목,Scolopacidae,도요과,Calidris,붉은가슴도요속,,,alpina,민물도요
121,조류,Calidris canutus,붉은가슴도요,(Linnaeus),-1758,,Chordata,척삭동물문,Aves,조강,Charadriiformes,도요목,Scolopacidae,도요과,Calidris,붉은가슴도요속,,,canutus,붉은가슴도요
122,조류,Calidris ferruginea,붉은갯도요,(Pontoppidan),-1763,,Chordata,척삭동물문,Aves,조강,Charadriiformes,도요목,Scolopacidae,도요과,Calidris,붉은가슴도요속,,,ferruginea,붉은갯도요
123,조류,Calidris melanotos,아메리카메추라기도요,(Vieillot),-1819,,Chordata,척삭동물문,Aves,조강,Charadriiformes,도요목,Scolopacidae,도요과,Calidris,붉은가슴도요속,,,melanotos,아메리카메추라기도요
124,조류,Calidris minuta,작은도요,(Leisler),-1812,,Chordata,척삭동물문,Aves,조강,Charadriiformes,도요목,Scolopacidae,도요과,Calidris,붉은가슴도요속,,,minuta,작은도요
125,조류,Calidris ruficollis,좀도요,(Pallas),-1776,,Chordata,척삭동물문,Aves,조강,Charadriiformes,도요목,Scolopacidae,도요과,Calidris,붉은가슴도요속,,,ruficollis,좀도요
126,조류,Calidris subminuta,종달도요,(Middendorff),-1853,,Chordata,척삭동물문,Aves,조강,Charadriiformes,도요목,Scolopacidae,도요과,Calidris,붉은가슴도요속,,,subminuta,종달도요
127,조류,Calidris temminckii,흰꼬리좀도요,(Leisler),-1812,,Chordata,척삭동물문,Aves,조강,Charadriiformes,도요목,Scolopacidae,도요과,Calidris,붉은가슴도요속,,,temminckii,흰꼬리좀도요
128,조류,Calidris tenuirostris,붉은어깨도요,(Horsfield),-1821,Ⅱ,Chordata,척삭동물문,Aves,조강,Charadriiformes,도요목,Scolopacidae,도요과,Calidris,붉은가슴도요속,,,tenuirostris,붉은어깨도요
129,조류,Eurynorhynchus pygmeus,넓적부리도요,(Linnaeus),-1758,Ⅰ,Chordata,척삭동물문,Aves,조강,Charadriiformes,도요목,Scolopacidae,도요과,Eurynorhynchus,넓적부리도요속,,,pygmeus,넓적부리도요
130,조류,Gallinago gallinago,꺅도요,(Linnaeus),-1758,,Chordata,척삭동물문,Aves,조강,Charadriiformes,도요목,Scolopacidae,도요과,Gallinago,꺅도요속,,,gallinago,꺅도요
131,조류,Gallinago hardwickii,큰꺅도요,(J.E.Gray),-1831,,Chordata,척삭동물문,Aves,조강,Charadriiformes,도요목,Scolopacidae,도요과,Gallinago,꺅도요속,,,hardwickii,큰꺅도요
132,조류,Gallinago megala,꺅도요사촌,Swinhoe,1861,,Chordata,척삭동물문,Aves,조강,Charadriiformes,도요목,Scolopacidae,도요과,Gallinago,꺅도요속,,,megala,꺅도요사촌
133,조류,Gallinago solitaria,청도요,Hodgson,1831,,Chordata,척삭동물문,Aves,조강,Charadriiformes,도요목,Scolopacidae,도요과,Gallinago,꺅도요속,,,solitaria,청도요
134,조류,Gallinago stenura,바늘꼬리도요,(Bonaparte),-1830,,Chordata,척삭동물문,Aves,조강,Charadriiformes,도요목,Scolopacidae,도요과,Gallinago,꺅도요속,,,stenura,바늘꼬리도요
135,조류,Heteroscelus brevipes,노랑발도요,(Vieillot),-1816,,Chordata,척삭동물문,Aves,조강,Charadriiformes,도요목,Scolopacidae,도요과,Heteroscelus,노랑발도요속,,,brevipes,노랑발도요
136,조류,Limicola falcinellus,송곳부리도요,(Pontoppidan),-1763,,Chordata,척삭동물문,Aves,조강,Charadriiformes,도요목,Scolopacidae,도요과,Limicola,송곳부리도요속,,,falcinellus,송곳부리도요
137,조류,Limnodromus scolopaceus,긴부리도요,(Say),-1823,,Chordata,척삭동물문,Aves,조강,Charadriiformes,도요목,Scolopacidae,도요과,Limnodromus,긴부리도요속,,,scolopaceus,긴부리도요
138,조류,Limnodromus semipalmatus,큰부리도요,(Blyth),-1848,,Chordata,척삭동물문,Aves,조강,Charadriiformes,도요목,Scolopacidae,도요과,Limnodromus,긴부리도요속,,,semipalmatus,큰부리도요
139,조류,Limosa lapponica,큰뒷부리도요,(Linnaeus),-1758,,Chordata,척삭동물문,Aves,조강,Charadriiformes,도요목,Scolopacidae,도요과,Limosa,흑꼬리도요속,,,lapponica,큰뒷부리도요
140,조류,Limosa limosa,흑꼬리도요,(Linnaeus),-1758,,Chordata,척삭동물문,Aves,조강,Charadriiformes,도요목,Scolopacidae,도요과,Limosa,흑꼬리도요속,,,limosa,흑꼬리도요
141,조류,Lymnocryptes minimus,꼬마도요,(Brunnich),-1764,,Chordata,척삭동물문,Aves,조강,Charadriiformes,도요목,Scolopacidae,도요과,Lymnocryptes,꼬마도요속,,,minimus,꼬마도요
142,조류,Numenius arquata,마도요,(Linnaeus),-1758,,Chordata,척삭동물문,Aves,조강,Charadriiformes,도요목,Scolopacidae,도요과,Numenius,마도요속,,,arquata,마도요
143,조류,Numenius madagascariensis,알락꼬리마도요,(Linnaeus),-1766,Ⅱ,Chordata,척삭동물문,Aves,조강,Charadriiformes,도요목,Scolopacidae,도요과,Numenius,마도요속,,,madagascariensis,알락꼬리마도요
144,조류,Numenius minutus,쇠부리도요,Gould,1841,,Chordata,척삭동물문,Aves,조강,Charadriiformes,도요목,Scolopacidae,도요과,Numenius,마도요속,,,minutus,쇠부리도요
145,조류,Numenius phaeopus,중부리도요,(Linnaeus),-1758,,Chordata,척삭동물문,Aves,조강,Charadriiformes,도요목,Scolopacidae,도요과,Numenius,마도요속,,,phaeopus,중부리도요
146,조류,Phalaropus fulicarius,붉은배지느러미발도요,(Linnaeus),-1758,,Chordata,척삭동물문,Aves,조강,Charadriiformes,도요목,Scolopacidae,도요과,Phalaropus,지느러미발도요속,,,fulicarius,붉은배지느러미발도요
147,조류,Phalaropus lobatus,지느러미발도요,(Linnaeus),-1758,,Chordata,척삭동물문,Aves,조강,Charadriiformes,도요목,Scolopacidae,도요과,Phalaropus,지느러미발도요속,,,lobatus,지느러미발도요
148,조류,Phalaropus tricolor,큰지느러미발도요,(Vieillot),-1819,,Chordata,척삭동물문,Aves,조강,Charadriiformes,도요목,Scolopacidae,도요과,Phalaropus,지느러미발도요속,,,tricolor,큰지느러미발도요
149,조류,Philomachus pugnax,목도리도요,(Linnaeus),-1758,,Chordata,척삭동물문,Aves,조강,Charadriiformes,도요목,Scolopacidae,도요과,Philomachus,목도리도요속,,,pugnax,목도리도요
150,조류,Scolopax rusticola,멧도요,Linnaeus,1758,,Chordata,척삭동물문,Aves,조강,Charadriiformes,도요목,Scolopacidae,도요과,Scolopax,멧도요속,,,rusticola,멧도요
151,조류,Tringa erythropus,학도요,(Pallas),-1764,,Chordata,척삭동물문,Aves,조강,Charadriiformes,도요목,Scolopacidae,도요과,Tringa,삑삑도요속,,,erythropus,학도요
152,조류,Tringa glareola,알락도요,Linnaeus,1758,,Chordata,척삭동물문,Aves,조강,Charadriiformes,도요목,Scolopacidae,도요과,Tringa,삑삑도요속,,,glareola,알락도요
153,조류,Tringa guttifer,청다리도요사촌,(Nordmann),-1835,Ⅰ,Chordata,척삭동물문,Aves,조강,Charadriiformes,도요목,Scolopacidae,도요과,Tringa,삑삑도요속,,,guttifer,청다리도요사촌
154,조류,Tringa melanoleuca,큰노랑발도요,(Gmelin),-1789,,Chordata,척삭동물문,Aves,조강,Charadriiformes,도요목,Scolopacidae,도요과,Tringa,삑삑도요속,,,melanoleuca,큰노랑발도요
155,조류,Tringa nebularia,청다리도요,(Gunnerus),-1767,,Chordata,척삭동물문,Aves,조강,Charadriiformes,도요목,Scolopacidae,도요과,Tringa,삑삑도요속,,,nebularia,청다리도요
156,조류,Tringa ochropus,삑삑도요,Linnaeus,1758,,Chordata,척삭동물문,Aves,조강,Charadriiformes,도요목,Scolopacidae,도요과,Tringa,삑삑도요속,,,ochropus,삑삑도요
157,조류,Tringa stagnatilis,쇠청다리도요,(Bechstein),-1803,,Chordata,척삭동물문,Aves,조강,Charadriiformes,도요목,Scolopacidae,도요과,Tringa,삑삑도요속,,,stagnatilis,쇠청다리도요
158,조류,Tringa totanus,붉은발도요,(Linnaeus),-1758,,Chordata,척삭동물문,Aves,조강,Charadriiformes,도요목,Scolopacidae,도요과,Tringa,삑삑도요속,,,totanus,붉은발도요
159,조류,Tryngites subruficollis,누른도요,(Vieillot),-1819,,Chordata,척삭동물문,Aves,조강,Charadriiformes,도요목,Scolopacidae,도요과,Tryngites,누른도요속,,,subruficollis,누른도요
160,조류,Xenus cinereus,뒷부리도요,(Guldenstadt),-1774,,Chordata,척삭동물문,Aves,조강,Charadriiformes,도요목,Scolopacidae,도요과,Xenus,뒷부리도요속,,,cinereus,뒷부리도요
161,조류,Stercorarius longicaudus,긴꼬리도둑갈매기,Vieillot,1819,,Chordata,척삭동물문,Aves,조강,Charadriiformes,도요목,Stercorariidae,도둑갈매기과,Stercorarius,도둑갈매기속,,,longicaudus,긴꼬리도둑갈매기
162,조류,Stercorarius maccormicki,남극도둑갈매기,Saunders,1893,,Chordata,척삭동물문,Aves,조강,Charadriiformes,도요목,Stercorariidae,도둑갈매기과,Stercorarius,도둑갈매기속,,,maccormicki,남극도둑갈매기
163,조류,Stercorarius parasiticus,북극도둑갈매기,(Linnaeus),-1758,,Chordata,척삭동물문,Aves,조강,Charadriiformes,도요목,Stercorariidae,도둑갈매기과,Stercorarius,도둑갈매기속,,,parasiticus,북극도둑갈매기
164,조류,Stercorarius pomarinus,넓적꼬리도둑갈매기,(Temminck),-1815,,Chordata,척삭동물문,Aves,조강,Charadriiformes,도요목,Stercorariidae,도둑갈매기과,Stercorarius,도둑갈매기속,,,pomarinus,넓적꼬리도둑갈매기
165,조류,Ardea alba,중대백로,Linnaeus,1758,,Chordata,척삭동물문,Aves,조강,Ciconiiformes,황새목,Ardeidae,백로과,Ardea,왜가리속,,,alba,중대백로
166,조류,Ardea cinerea,왜가리,Linnaeus,1758,,Chordata,척삭동물문,Aves,조강,Ciconiiformes,황새목,Ardeidae,백로과,Ardea,왜가리속,,,cinerea,왜가리
167,조류,Ardea purpurea,붉은왜가리,Linnaeus,1766,,Chordata,척삭동물문,Aves,조강,Ciconiiformes,황새목,Ardeidae,백로과,Ardea,왜가리속,,,purpurea,붉은왜가리
168,조류,Ardeola bacchus,흰날개해오라기,(Bonaparte),-1855,,Chordata,척삭동물문,Aves,조강,Ciconiiformes,황새목,Ardeidae,백로과,Ardeola,흰날개해오라기속,,,bacchus,흰날개해오라기
169,조류,Botaurus stellaris,알락해오라기,(Linnaeus),-1758,,Chordata,척삭동물문,Aves,조강,Ciconiiformes,황새목,Ardeidae,백로과,Botaurus,알락해오라기속,,,stellaris,알락해오라기
170,조류,Bubulcus ibis,황로,(Linnaeus),-1758,,Chordata,척삭동물문,Aves,조강,Ciconiiformes,황새목,Ardeidae,백로과,Bubulcus,황로속,,,ibis,황로
171,조류,Butorides striata,검은댕기해오라기,(Linnaeus),-1758,,Chordata,척삭동물문,Aves,조강,Ciconiiformes,황새목,Ardeidae,백로과,Butorides,검은댕기해오라기속,,,striata,검은댕기해오라기
172,조류,Dupetor flavicollis,검은해오라기,(Latham),-1790,,Chordata,척삭동물문,Aves,조강,Ciconiiformes,황새목,Ardeidae,백로과,Dupetor,검은해오라기속,,,flavicollis,검은해오라기
173,조류,Egretta eulophotes,노랑부리백로,(Swinhoe),-1860,Ⅰ,Chordata,척삭동물문,Aves,조강,Ciconiiformes,황새목,Ardeidae,백로과,Egretta,백로속,,,eulophotes,노랑부리백로
174,조류,Egretta garzetta,쇠백로,(Linnaeus),-1766,,Chordata,척삭동물문,Aves,조강,Ciconiiformes,황새목,Ardeidae,백로과,Egretta,백로속,,,garzetta,쇠백로
175,조류,Egretta intermedia,중백로,(Wagler),-1829,,Chordata,척삭동물문,Aves,조강,Ciconiiformes,황새목,Ardeidae,백로과,Egretta,백로속,,,intermedia,중백로
176,조류,Egretta sacra,흑로,(Gmelin),-1789,,Chordata,척삭동물문,Aves,조강,Ciconiiformes,황새목,Ardeidae,백로과,Egretta,백로속,,,sacra,흑로
177,조류,Gorsachius goisagi,붉은해오라기,(Temminck),-1835,Ⅱ,Chordata,척삭동물문,Aves,조강,Ciconiiformes,황새목,Ardeidae,백로과,Gorsachius,붉은해오라기속,,,goisagi,붉은해오라기
178,조류,Gorsachius melanolophus,푸른눈테해오라기,(Raffles),-1822,,Chordata,척삭동물문,Aves,조강,Ciconiiformes,황새목,Ardeidae,백로과,Gorsachius,붉은해오라기속,,,melanolophus,푸른눈테해오라기
179,조류,Ixobrychus cinnamomeus,열대붉은해오라기,(Gmelin),-1789,,Chordata,척삭동물문,Aves,조강,Ciconiiformes,황새목,Ardeidae,백로과,Ixobrychus,덤불해오라기속,,,cinnamomeus,열대붉은해오라기
180,조류,Ixobrychus eurhythmus,큰덤불해오라기,(Swinhoe),-1873,Ⅱ,Chordata,척삭동물문,Aves,조강,Ciconiiformes,황새목,Ardeidae,백로과,Ixobrychus,덤불해오라기속,,,eurhythmus,큰덤불해오라기
181,조류,Ixobrychus sinensis,덤불해오라기,(Gmelin),-1789,,Chordata,척삭동물문,Aves,조강,Ciconiiformes,황새목,Ardeidae,백로과,Ixobrychus,덤불해오라기속,,,sinensis,덤불해오라기
182,조류,Nycticorax nycticorax,해오라기,(Linnaeus),-1758,,Chordata,척삭동물문,Aves,조강,Ciconiiformes,황새목,Ardeidae,백로과,Nycticorax,해오라기속,,,nycticorax,해오라기
183,조류,Ciconia boyciana,황새,Swinhoe,1873,Ⅰ,Chordata,척삭동물문,Aves,조강,Ciconiiformes,황새목,Ciconiidae,황새과,Ciconia,황새속,,,boyciana,황새
184,조류,Ciconia nigra,먹황새,(Linnaeus),-1758,Ⅰ,Chordata,척삭동물문,Aves,조강,Ciconiiformes,황새목,Ciconiidae,황새과,Ciconia,황새속,,,nigra,먹황새
185,조류,Nipponia nippon,따오기,(Temminck),-1835,Ⅱ,Chordata,척삭동물문,Aves,조강,Ciconiiformes,황새목,Threskiornithidae,저어새과,Nipponia,따오기속,,,nippon,따오기
186,조류,Platalea leucorodia,노랑부리저어새,Linnaeus,1758,Ⅱ,Chordata,척삭동물문,Aves,조강,Ciconiiformes,황새목,Threskiornithidae,저어새과,Platalea,저어새속,,,leucorodia,노랑부리저어새
187,조류,Platalea minor,저어새,Temminck & Schlegel,1849,Ⅰ,Chordata,척삭동물문,Aves,조강,Ciconiiformes,황새목,Threskiornithidae,저어새과,Platalea,저어새속,,,minor,저어새
188,조류,Plegadis falcinellus,적갈색따오기,Linnaeus,1766,,Chordata,척삭동물문,Aves,조강,Ciconiiformes,황새목,Threskiornithidae,저어새과,Plegadis,적갈색따오기속,,,falcinellus,적갈색따오기
189,조류,Threskiornis melanocephalus,검은머리흰따오기,(Latham),-1790,,Chordata,척삭동물문,Aves,조강,Ciconiiformes,황새목,Threskiornithidae,저어새과,Threskiornis,검은머리따오기속,,,melanocephalus,검은머리흰따오기
190,조류,Columba janthina,흑비둘기,Temminck,1830,Ⅱ,Chordata,척삭동물문,Aves,조강,Columbiformes,비둘기목,Columbidae,비둘기과,Columba,흑비둘기속,,,janthina,흑비둘기
191,조류,Columba oenas,분홍가슴비둘기,Linnaeus,1758,,Chordata,척삭동물문,Aves,조강,Columbiformes,비둘기목,Columbidae,비둘기과,Columba,흑비둘기속,,,oenas,분홍가슴비둘기
192,조류,Columba rupestris,양비둘기,Pallas,1811,Ⅱ,Chordata,척삭동물문,Aves,조강,Columbiformes,비둘기목,Columbidae,비둘기과,Columba,흑비둘기속,,,rupestris,양비둘기
193,조류,Streptopelia chinensis,목점박이비둘기,(Scopoli),-1786,,Chordata,척삭동물문,Aves,조강,Columbiformes,비둘기목,Columbidae,비둘기과,Streptopelia,멧비둘기속,,,chinensis,목점박이비둘기
194,조류,Streptopelia decaocto,염주비둘기,(Frivaldszky),-1838,,Chordata,척삭동물문,Aves,조강,Columbiformes,비둘기목,Columbidae,비둘기과,Streptopelia,멧비둘기속,,,decaocto,염주비둘기
195,조류,Streptopelia orientalis,멧비둘기,,,,Chordata,척삭동물문,Aves,조강,Columbiformes,비둘기목,Columbidae,비둘기과,Streptopelia,멧비둘기속,,,orientalis,멧비둘기
196,조류,Streptopelia tranquebarica,홍비둘기,(Hermann),-1804,,Chordata,척삭동물문,Aves,조강,Columbiformes,비둘기목,Columbidae,비둘기과,Streptopelia,멧비둘기속,,,tranquebarica,홍비둘기
197,조류,Treron sieboldii,녹색비둘기,(Temminck),-1835,,Chordata,척삭동물문,Aves,조강,Columbiformes,비둘기목,Columbidae,비둘기과,Treron,녹색비둘기속,,,sieboldii,녹색비둘기
198,조류,Syrrhaptes paradoxus,사막꿩,(Pallas),-1773,,Chordata,척삭동물문,Aves,조강,Columbiformes,비둘기목,Pteroclidae,사막꿩과,Syrrhaptes,사막꿩속,,,paradoxus,사막꿩
199,조류,Alcedo atthis,물총새,(Linnaeus),-1758,,Chordata,척삭동물문,Aves,조강,Coraciiformes,파랑새목,Alcedinidae,물총새과,Alcedo,물총새속,,,atthis,물총새
200,조류,Halcyon coromanda,호반새,(Latham),-1790,,Chordata,척삭동물문,Aves,조강,Coraciiformes,파랑새목,Alcedinidae,물총새과,Halcyon,호반새속,,,coromanda,호반새
201,조류,Halcyon pileata,청호반새,(Boddaert),-1783,,Chordata,척삭동물문,Aves,조강,Coraciiformes,파랑새목,Alcedinidae,물총새과,Halcyon,호반새속,,,pileata,청호반새
202,조류,Megaceryle lugubris,뿔호반새,(Temminck),-1834,,Chordata,척삭동물문,Aves,조강,Coraciiformes,파랑새목,Alcedinidae,물총새과,Megaceryle,뿔호반새속,,,lugubris,뿔호반새
203,조류,Eurystomus orientalis,파랑새,(Linnaeus),-1766,,Chordata,척삭동물문,Aves,조강,Coraciiformes,파랑새목,Coraciidae,파랑새과,Eurystomus,파랑새속,,,orientalis,파랑새
204,조류,Upupa epops,후투티,Linnaeus,1758,,Chordata,척삭동물문,Aves,조강,Coraciiformes,파랑새목,Upupidae,후투티과,Upupa,후투티속,,,epops,후투티
205,조류,Cacomantis merulinus,우는뻐꾸기,Scopoli,1786,,Chordata,척삭동물문,Aves,조강,Cuculiformes,두견목,Cuculidae,두견과,Cacomantis,우는뻐꾸기속,,,merulinus,우는뻐꾸기
206,조류,Centropus bengalensis,작은뻐꾸기사촌,(Gmelin),-1788,,Chordata,척삭동물문,Aves,조강,Cuculiformes,두견목,Cuculidae,두견과,Centropus,작은뻐꾸기사촌속,,,bengalensis,작은뻐꾸기사촌
207,조류,Clamator coromandus,밤색날개뻐꾸기,(Linnaeus),-1766,,Chordata,척삭동물문,Aves,조강,Cuculiformes,두견목,Cuculidae,두견과,Clamator,밤색날개뻐꾸기속,,,coromandus,밤색날개뻐꾸기
208,조류,Cuculus canorus,뻐꾸기,Linnaeus,1758,,Chordata,척삭동물문,Aves,조강,Cuculiformes,두견목,Cuculidae,두견과,Cuculus,두견속,,,canorus,뻐꾸기
209,조류,Cuculus hyperythrus,매사촌,Gould,1856,,Chordata,척삭동물문,Aves,조강,Cuculiformes,두견목,Cuculidae,두견과,Cuculus,두견속,,,hyperythrus,매사촌
210,조류,Cuculus micropterus,검은등뻐꾸기,Gould,1837,,Chordata,척삭동물문,Aves,조강,Cuculiformes,두견목,Cuculidae,두견과,Cuculus,두견속,,,micropterus,검은등뻐꾸기
211,조류,Cuculus poliocephalus,두견,Latham,1790,,Chordata,척삭동물문,Aves,조강,Cuculiformes,두견목,Cuculidae,두견과,Cuculus,두견속,,,poliocephalus,두견
212,조류,Cuculus saturatus,벙어리뻐꾸기,Blyth,1843,,Chordata,척삭동물문,Aves,조강,Cuculiformes,두견목,Cuculidae,두견과,Cuculus,두견속,,,saturatus,벙어리뻐꾸기
213,조류,Cuculus sparverioides,큰매사촌,Vigors,1832,,Chordata,척삭동물문,Aves,조강,Cuculiformes,두견목,Cuculidae,두견과,Cuculus,두견속,,,sparverioides,큰매사촌
214,조류,Eudynamys scolopacea,검은뻐꾸기,(Linnaeus),-1758,,Chordata,척삭동물문,Aves,조강,Cuculiformes,두견목,Cuculidae,두견과,Eudynamys,검은뻐꾸기속,,,scolopacea,검은뻐꾸기
215,조류,Surniculus lugubris,검은두견이,(Horsfield),-1821,,Chordata,척삭동물문,Aves,조강,Cuculiformes,두견목,Cuculidae,두견과,Surniculus,검은두견이속,,,lugubris,검은두견이
216,조류,Accipiter gentilis,참매,(Linnaeus),-1758,Ⅱ,Chordata,척삭동물문,Aves,조강,Falconiformes,매목,Accipitridae,수리과,Accipiter,새매속,,,gentilis,참매
217,조류,Accipiter gularis,조롱이,(Temminck and Schlegel),-1844,Ⅱ,Chordata,척삭동물문,Aves,조강,Falconiformes,매목,Accipitridae,수리과,Accipiter,새매속,,,gularis,조롱이
218,조류,Accipiter nisus,새매,(Linnaeus),-1758,Ⅱ,Chordata,척삭동물문,Aves,조강,Falconiformes,매목,Accipitridae,수리과,Accipiter,새매속,,,nisus,새매
219,조류,Accipiter soloensis,붉은배새매,(Horsfield),-1822,Ⅱ,Chordata,척삭동물문,Aves,조강,Falconiformes,매목,Accipitridae,수리과,Accipiter,새매속,,,soloensis,붉은배새매
220,조류,Aegypius monachus,독수리,(Linnaeus),-1766,Ⅱ,Chordata,척삭동물문,Aves,조강,Falconiformes,매목,Accipitridae,수리과,Aegypius,독수리속,,,monachus,독수리
221,조류,Aquila chrysaetos,검독수리,(Linnaeus),-1758,Ⅰ,Chordata,척삭동물문,Aves,조강,Falconiformes,매목,Accipitridae,수리과,Aquila,검독수리속,,,chrysaetos,검독수리
222,조류,Aquila clanga,항라머리검독수리,Pallas,1811,Ⅱ,Chordata,척삭동물문,Aves,조강,Falconiformes,매목,Accipitridae,수리과,Aquila,검독수리속,,,clanga,항라머리검독수리
223,조류,Aquila heliaca,흰죽지수리,Savigny,1809,Ⅱ,Chordata,척삭동물문,Aves,조강,Falconiformes,매목,Accipitridae,수리과,Aquila,검독수리속,,,heliaca,흰죽지수리
224,조류,Aquila nipalensis,초원수리,Hodgson,1833,,Chordata,척삭동물문,Aves,조강,Falconiformes,매목,Accipitridae,수리과,Aquila,검독수리속,,,nipalensis,초원수리
225,조류,Butastur indicus,왕새매,(Gmelin),-1788,,Chordata,척삭동물문,Aves,조강,Falconiformes,매목,Accipitridae,수리과,Butastur,왕새매속,,,indicus,왕새매
226,조류,Buteo buteo,말똥가리,(Linnaeus),-1758,,Chordata,척삭동물문,Aves,조강,Falconiformes,매목,Accipitridae,수리과,Buteo,말똥가리속,,,buteo,말똥가리
227,조류,Buteo hemilasius,큰말똥가리,Temminck & Schlegel,1844,Ⅱ,Chordata,척삭동물문,Aves,조강,Falconiformes,매목,Accipitridae,수리과,Buteo,말똥가리속,,,hemilasius,큰말똥가리
228,조류,Buteo lagopus,털발말똥가리,(Pontoppidan),-1763,,Chordata,척삭동물문,Aves,조강,Falconiformes,매목,Accipitridae,수리과,Buteo,말똥가리속,,,lagopus,털발말똥가리
229,조류,Circus cyaneus,잿빛개구리매,(Linnaeus),-1766,Ⅱ,Chordata,척삭동물문,Aves,조강,Falconiformes,매목,Accipitridae,수리과,Circus,개구리매속,,,cyaneus,잿빛개구리매
230,조류,Circus melanoleucos,알락개구리매,(Pennant),-1769,Ⅱ,Chordata,척삭동물문,Aves,조강,Falconiformes,매목,Accipitridae,수리과,Circus,개구리매속,,,melanoleucos,알락개구리매
231,조류,Circus spilonotus,개구리매,Kaup,1847,,Chordata,척삭동물문,Aves,조강,Falconiformes,매목,Accipitridae,수리과,Circus,개구리매속,,,spilonotus,개구리매
232,조류,Elanus caeruleus,검은어깨매,Desfontaines,1789,,Chordata,척삭동물문,Aves,조강,Falconiformes,매목,Accipitridae,수리과,Elanus,검은어깨매속,,,caeruleus,검은어깨매
233,조류,Gypaetus barbatus,수염수리,(Linnaeus),-1758,,Chordata,척삭동물문,Aves,조강,Falconiformes,매목,Accipitridae,수리과,Gypaetus,수염수리속,,,barbatus,수염수리
234,조류,Gyps himalayensis,고산대머리수리,Hume,1869,,Chordata,척삭동물문,Aves,조강,Falconiformes,매목,Accipitridae,수리과,Gyps,고산대머리수리속,,,himalayensis,고산대머리수리
235,조류,Haliaeetus albicilla,흰꼬리수리,(Linnaeus),-1758,Ⅰ,Chordata,척삭동물문,Aves,조강,Falconiformes,매목,Accipitridae,수리과,Haliaeetus,흰꼬리수리속,,,albicilla,흰꼬리수리
236,조류,Haliaeetus pelagicus,참수리,(Pallas),-1811,Ⅰ,Chordata,척삭동물문,Aves,조강,Falconiformes,매목,Accipitridae,수리과,Haliaeetus,흰꼬리수리속,,,pelagicus,참수리
237,조류,Hieraaetus fasciatus,흰배줄무늬수리,(Vieillot),-1822,,Chordata,척삭동물문,Aves,조강,Falconiformes,매목,Accipitridae,수리과,Hieraaetus,흰점어깨수리속,,,fasciatus,흰배줄무늬수리
238,조류,Hieraaetus pennatus,흰점어깨수리,(Gmelin),-1788,,Chordata,척삭동물문,Aves,조강,Falconiformes,매목,Accipitridae,수리과,Hieraaetus,흰점어깨수리속,,,pennatus,흰점어깨수리
239,조류,Milvus migrans,솔개,(Boddaert),-1783,Ⅱ,Chordata,척삭동물문,Aves,조강,Falconiformes,매목,Accipitridae,수리과,Milvus,솔개속,,,migrans,솔개
240,조류,Pandion haliaetus,물수리,(Linnaeus),-1758,Ⅱ,Chordata,척삭동물문,Aves,조강,Falconiformes,매목,Accipitridae,수리과,Pandion,물수리속,,,haliaetus,물수리
241,조류,Pernis ptilorhynchus,벌매,(Temminck),-1821,Ⅱ,Chordata,척삭동물문,Aves,조강,Falconiformes,매목,Accipitridae,수리과,Pernis,벌매속,,,ptilorhynchus,벌매
242,조류,Spilornis cheela,관수리,(Latham),-1790,,Chordata,척삭동물문,Aves,조강,Falconiformes,매목,Accipitridae,수리과,Spilornis,관수리속,,,cheela,관수리
243,조류,Spizaetus nipalensis,뿔매,(Hodgson),-1836,,Chordata,척삭동물문,Aves,조강,Falconiformes,매목,Accipitridae,수리과,Spizaetus,뿔매속,,,nipalensis,뿔매
244,조류,Falco amurensis,비둘기조롱이,Radde,1863,,Chordata,척삭동물문,Aves,조강,Falconiformes,매목,Falconidae,매과,Falco,매속,,,amurensis,비둘기조롱이
245,조류,Falco cherrug,헨다손매,J.E.Gray,1834,,Chordata,척삭동물문,Aves,조강,Falconiformes,매목,Falconidae,매과,Falco,매속,,,cherrug,헨다손매
246,조류,Falco columbarius,쇠황조롱이,Linnaeus,1758,,Chordata,척삭동물문,Aves,조강,Falconiformes,매목,Falconidae,매과,Falco,매속,,,columbarius,쇠황조롱이
247,조류,Falco peregrinus,매,Tunstall,1771,Ⅰ,Chordata,척삭동물문,Aves,조강,Falconiformes,매목,Falconidae,매과,Falco,매속,,,peregrinus,매
248,조류,Falco rusticolus,흰매,Linnaeus,1758,,Chordata,척삭동물문,Aves,조강,Falconiformes,매목,Falconidae,매과,Falco,매속,,,rusticolus,흰매
249,조류,Falco subbuteo,새호리기,Linnaeus,1758,Ⅱ,Chordata,척삭동물문,Aves,조강,Falconiformes,매목,Falconidae,매과,Falco,매속,,,subbuteo,새호리기
250,조류,Falco tinnunculus,황조롱이,Linnaeus,1758,,Chordata,척삭동물문,Aves,조강,Falconiformes,매목,Falconidae,매과,Falco,매속,,,tinnunculus,황조롱이
251,조류,Coturnix japonica,메추라기,Temminck & Schlegel,1849,,Chordata,척삭동물문,Aves,조강,Galliformes,닭목,Phasianidae,꿩과,Coturnix,메추라기속,,,japonica,메추라기
252,조류,Lyrurus tetrix,멧닭,(Linnaeus),-1758,,Chordata,척삭동물문,Aves,조강,Galliformes,닭목,Phasianidae,꿩과,Lyrurus,멧닭속,,,tetrix,멧닭
253,조류,Phasianus colchicus,꿩,Linnaeus,1758,,Chordata,척삭동물문,Aves,조강,Galliformes,닭목,Phasianidae,꿩과,Phasianus,꿩속,,,colchicus,꿩
254,조류,Tetrastes bonasia,들꿩,(Linnaeus),-1758,,Chordata,척삭동물문,Aves,조강,Galliformes,닭목,Phasianidae,꿩과,Tetrastes,들꿩속,,,bonasia,들꿩
255,조류,Gavia adamsii,흰부리아비,(G.R.Gray),-1859,,Chordata,척삭동물문,Aves,조강,Gaviiformes,아비목,Gaviidae,아비과,Gavia,아비속,,,adamsii,흰부리아비
256,조류,Gavia arctica,큰회색머리아비,(Linnaeus),-1758,,Chordata,척삭동물문,Aves,조강,Gaviiformes,아비목,Gaviidae,아비과,Gavia,아비속,,,arctica,큰회색머리아비
257,조류,Gavia pacifica,회색머리아비,(Lawrence),-1858,,Chordata,척삭동물문,Aves,조강,Gaviiformes,아비목,Gaviidae,아비과,Gavia,아비속,,,pacifica,회색머리아비
258,조류,Gavia stellata,아비,(Pontoppidan),-1763,,Chordata,척삭동물문,Aves,조강,Gaviiformes,아비목,Gaviidae,아비과,Gavia,아비속,,,stellata,아비
259,조류,Anthropoides virgo,쇠재두루미,(Linnaeus),-1758,,Chordata,척삭동물문,Aves,조강,Gruiformes,두루미목,Gruidae,두루미과,Anthropoides,쇠재두루미속,,,virgo,쇠재두루미
260,조류,Grus canadensis,캐나다두루미,(Linnaeus),-1758,,Chordata,척삭동물문,Aves,조강,Gruiformes,두루미목,Gruidae,두루미과,Grus,두루미속,,,canadensis,캐나다두루미
261,조류,Grus grus,검은목두루미,(Linnaeus),-1758,Ⅱ,Chordata,척삭동물문,Aves,조강,Gruiformes,두루미목,Gruidae,두루미과,Grus,두루미속,,,grus,검은목두루미
262,조류,Grus japonensis,두루미,(P.L.S.Muller),-1776,Ⅰ,Chordata,척삭동물문,Aves,조강,Gruiformes,두루미목,Gruidae,두루미과,Grus,두루미속,,,japonensis,두루미
263,조류,Grus leucogeranus,시베리아흰두루미,Pallas,1773,,Chordata,척삭동물문,Aves,조강,Gruiformes,두루미목,Gruidae,두루미과,Grus,두루미속,,,leucogeranus,시베리아흰두루미
264,조류,Grus monacha,흑두루미,Temminck,1835,Ⅱ,Chordata,척삭동물문,Aves,조강,Gruiformes,두루미목,Gruidae,두루미과,Grus,두루미속,,,monacha,흑두루미
265,조류,Grus vipio,재두루미,Pallas,1811,Ⅱ,Chordata,척삭동물문,Aves,조강,Gruiformes,두루미목,Gruidae,두루미과,Grus,두루미속,,,vipio,재두루미
266,조류,Otis tarda,느시,Linnaeus,1758,Ⅱ,Chordata,척삭동물문,Aves,조강,Gruiformes,두루미목,Otidae,느시과,Otis,느시속,,,tarda,느시
267,조류,Amaurornis phoenicurus,흰배뜸부기,(Pennant),-1769,,Chordata,척삭동물문,Aves,조강,Gruiformes,두루미목,Rallidae,뜸부기과,Amaurornis,흰배뜸부기속,,,phoenicurus,흰배뜸부기
268,조류,Coturnicops exquisitus,알락뜸부기,(Swinhoe),-1873,,Chordata,척삭동물문,Aves,조강,Gruiformes,두루미목,Rallidae,뜸부기과,Coturnicops,알락뜸부기속,,,exquisitus,알락뜸부기
269,조류,Fulica atra,물닭,Linnaeus,1758,,Chordata,척삭동물문,Aves,조강,Gruiformes,두루미목,Rallidae,뜸부기과,Fulica,물닭속,,,atra,물닭
270,조류,Gallicrex cinerea,뜸부기,(Gmelin),-1789,Ⅱ,Chordata,척삭동물문,Aves,조강,Gruiformes,두루미목,Rallidae,뜸부기과,Gallicrex,뜸부기속,,,cinerea,뜸부기
271,조류,Gallinula chloropus,쇠물닭,(Linnaeus),-1758,,Chordata,척삭동물문,Aves,조강,Gruiformes,두루미목,Rallidae,뜸부기과,Gallinula,쇠물닭속,,,chloropus,쇠물닭
272,조류,Porzana fusca,쇠뜸부기사촌,(Linnaeus),-1766,,Chordata,척삭동물문,Aves,조강,Gruiformes,두루미목,Rallidae,뜸부기과,Porzana,쇠뜸부기속,,,fusca,쇠뜸부기사촌
273,조류,Porzana paykullii,한국뜸부기,(Ljungh),-1813,,Chordata,척삭동물문,Aves,조강,Gruiformes,두루미목,Rallidae,뜸부기과,Porzana,쇠뜸부기속,,,paykullii,한국뜸부기
274,조류,Porzana pusilla,쇠뜸부기,(Pallas),-1776,,Chordata,척삭동물문,Aves,조강,Gruiformes,두루미목,Rallidae,뜸부기과,Porzana,쇠뜸부기속,,,pusilla,쇠뜸부기
275,조류,Rallus aquaticus,흰눈썹뜸부기,Linnaeus,1758,,Chordata,척삭동물문,Aves,조강,Gruiformes,두루미목,Rallidae,뜸부기과,Rallus,흰눈썹뜸부기속,,,aquaticus,흰눈썹뜸부기
276,조류,Aegithalos caudatus,오목눈이,(Linnaeus),-1758,,Chordata,척삭동물문,Aves,조강,Passeriformes,참새목,Aegithalidae,오목눈이과,Aegithalos,오목눈이속,,,caudatus,오목눈이
277,조류,Alauda arvensis,종다리,Linnaeus,1758,,Chordata,척삭동물문,Aves,조강,Passeriformes,참새목,Alaudidae,종다리과,Alauda,종다리속,,,arvensis,종다리
278,조류,Calandrella brachydactyla,쇠종다리,(Leisler),-1814,,Chordata,척삭동물문,Aves,조강,Passeriformes,참새목,Alaudidae,종다리과,Calandrella,쇠종다리속,,,brachydactyla,쇠종다리
279,조류,Calandrella cheleensis,북방쇠종다리,(Swinhoe),-1871,,Chordata,척삭동물문,Aves,조강,Passeriformes,참새목,Alaudidae,종다리과,Calandrella,쇠종다리속,,,cheleensis,북방쇠종다리
280,조류,Eremophila alpestris,해변종다리,(Linnaeus),-1758,,Chordata,척삭동물문,Aves,조강,Passeriformes,참새목,Alaudidae,종다리과,Eremophila,해변종다리속,,,alpestris,해변종다리
281,조류,Galerida cristata,뿔종다리,(Linnaeus),-1758,Ⅱ,Chordata,척삭동물문,Aves,조강,Passeriformes,참새목,Alaudidae,종다리과,Galerida,뿔종다리속,,,cristata,뿔종다리
282,조류,Artamus fuscus,회색숲제비,Vieillot,1817,,Chordata,척삭동물문,Aves,조강,Passeriformes,참새목,Artamidae,숲제비과,Artamus,숲제비속,,,fuscus,회색숲제비
283,조류,Bombycilla garrulus,황여새,(Linnaeus),-1758,,Chordata,척삭동물문,Aves,조강,Passeriformes,참새목,Bombycillidae,여새과,Bombycilla,여새속,,,garrulus,황여새
284,조류,Bombycilla japonica,홍여새,(Siebold),-1824,,Chordata,척삭동물문,Aves,조강,Passeriformes,참새목,Bombycillidae,여새과,Bombycilla,여새속,,,japonica,홍여새
285,조류,Coracina melaschistos,검은할미새사촌,(Hodgson),-1836,,Chordata,척삭동물문,Aves,조강,Passeriformes,참새목,Campephagidae,할미새사촌과,Coracina,검은할미새사촌속,,,melaschistos,검은할미새사촌
286,조류,Pericrocotus divaricatus,할미새사촌,(Raffles),-1822,,Chordata,척삭동물문,Aves,조강,Passeriformes,참새목,Campephagidae,할미새사촌과,Pericrocotus,할미새사촌속,,,divaricatus,할미새사촌
287,조류,Certhia familiaris,나무발발이,Linnaeus,1758,,Chordata,척삭동물문,Aves,조강,Passeriformes,참새목,Certhiidae,나무발발이과,Certhia,나무발발이속,,,familiaris,나무발발이
288,조류,Cinclus pallasii,물까마귀,Temminck,1820,,Chordata,척삭동물문,Aves,조강,Passeriformes,참새목,Cinclidae,물까마귀과,Cinclus,물까마귀속,,,pallasii,물까마귀
289,조류,Cisticola juncidis,개개비사촌,(Rafinesque),-1810,,Chordata,척삭동물문,Aves,조강,Passeriformes,참새목,Cisticolidae,개개비사촌과,Cisticola,개개비사촌속,,,juncidis,개개비사촌
290,조류,Rhopophilus pekinensis,꼬리치레,(Swinhoe),-1868,,Chordata,척삭동물문,Aves,조강,Passeriformes,참새목,Cisticolidae,개개비사촌과,Rhopophilus,꼬리치레속,,,pekinensis,꼬리치레
291,조류,Corvus corax,큰까마귀,Linnaeus,1758,,Chordata,척삭동물문,Aves,조강,Passeriformes,참새목,Corvidae,까마귀과,Corvus,까마귀속,,,corax,큰까마귀
292,조류,Corvus corone,까마귀,Linnaeus,1758,,Chordata,척삭동물문,Aves,조강,Passeriformes,참새목,Corvidae,까마귀과,Corvus,까마귀속,,,corone,까마귀
293,조류,Corvus dauuricus,갈까마귀,Pallas,1776,,Chordata,척삭동물문,Aves,조강,Passeriformes,참새목,Corvidae,까마귀과,Corvus,까마귀속,,,dauuricus,갈까마귀
294,조류,Corvus frugilegus,떼까마귀,Linnaeus,1758,,Chordata,척삭동물문,Aves,조강,Passeriformes,참새목,Corvidae,까마귀과,Corvus,까마귀속,,,frugilegus,떼까마귀
295,조류,Corvus macrorhynchos,큰부리까마귀,Wagler,1827,,Chordata,척삭동물문,Aves,조강,Passeriformes,참새목,Corvidae,까마귀과,Corvus,까마귀속,,,macrorhynchos,큰부리까마귀
296,조류,Cyanopica cyanus,물까치,(Pallas),-1776,,Chordata,척삭동물문,Aves,조강,Passeriformes,참새목,Corvidae,까마귀과,Cyanopica,물까치속,,,cyanus,물까치
297,조류,Garrulus glandarius,어치,(Linnaeus),-1758,,Chordata,척삭동물문,Aves,조강,Passeriformes,참새목,Corvidae,까마귀과,Garrulus,어치속,,,glandarius,어치
298,조류,Nucifraga caryocatactes,잣까마귀,(Linnaeus),-1758,,Chordata,척삭동물문,Aves,조강,Passeriformes,참새목,Corvidae,까마귀과,Nucifraga,잣까마귀속,,,caryocatactes,잣까마귀
299,조류,Pica pica,까치,(Linnaeus),-1758,,Chordata,척삭동물문,Aves,조강,Passeriformes,참새목,Corvidae,까마귀과,Pica,까치속,,,pica,까치
300,조류,Pyrrhocorax pyrrhocorax,붉은부리까마귀,(Linnaeus),-1758,,Chordata,척삭동물문,Aves,조강,Passeriformes,참새목,Corvidae,까마귀과,Pyrrhocorax,붉은부리까마귀속,,,pyrrhocorax,붉은부리까마귀
301,조류,Dicrurus hottentottus,바람까마귀,(Linnaeus),-1766,,Chordata,척삭동물문,Aves,조강,Passeriformes,참새목,Dicruridae,바람까마귀과,Dicrurus,바람까마귀속,,,hottentottus,바람까마귀
302,조류,Dicrurus leucophaeus,회색바람까마귀,Vieillot,1817,,Chordata,척삭동물문,Aves,조강,Passeriformes,참새목,Dicruridae,바람까마귀과,Dicrurus,바람까마귀속,,,leucophaeus,회색바람까마귀
303,조류,Dicrurus macrocercus,검은바람까마귀,Vieillot,1817,,Chordata,척삭동물문,Aves,조강,Passeriformes,참새목,Dicruridae,바람까마귀과,Dicrurus,바람까마귀속,,,macrocercus,검은바람까마귀
304,조류,Calcarius lapponicus,긴발톱멧새,(Linnaeus),-1758,,Chordata,척삭동물문,Aves,조강,Passeriformes,참새목,Emberizidae,멧새과,Calcarius,긴발톱멧새속,,,lapponicus,긴발톱멧새
305,조류,Emberiza aureola,검은머리촉새,Pallas,1773,Ⅱ,Chordata,척삭동물문,Aves,조강,Passeriformes,참새목,Emberizidae,멧새과,Emberiza,멧새속,,,aureola,검은머리촉새
306,조류,Emberiza bruniceps,붉은머리멧새,Brandt,1841,,Chordata,척삭동물문,Aves,조강,Passeriformes,참새목,Emberizidae,멧새과,Emberiza,멧새속,,,bruniceps,붉은머리멧새
307,조류,Emberiza chrysophrys,노랑눈썹멧새,Pallas,1776,,Chordata,척삭동물문,Aves,조강,Passeriformes,참새목,Emberizidae,멧새과,Emberiza,멧새속,,,chrysophrys,노랑눈썹멧새
308,조류,Emberiza cioides,멧새,Brandt,1843,,Chordata,척삭동물문,Aves,조강,Passeriformes,참새목,Emberizidae,멧새과,Emberiza,멧새속,,,cioides,멧새
309,조류,Emberiza citrinella,노랑멧새,Linnaeus,1758,,Chordata,척삭동물문,Aves,조강,Passeriformes,참새목,Emberizidae,멧새과,Emberiza,멧새속,,,citrinella,노랑멧새
310,조류,Emberiza elegans,노랑턱멧새,Temminck,1836,,Chordata,척삭동물문,Aves,조강,Passeriformes,참새목,Emberizidae,멧새과,Emberiza,멧새속,,,elegans,노랑턱멧새
311,조류,Emberiza fucata,붉은뺨멧새,Pallas,1776,,Chordata,척삭동물문,Aves,조강,Passeriformes,참새목,Emberizidae,멧새과,Emberiza,멧새속,,,fucata,붉은뺨멧새
312,조류,Emberiza hortulana,회색머리멧새,Linnaeus,1758,,Chordata,척삭동물문,Aves,조강,Passeriformes,참새목,Emberizidae,멧새과,Emberiza,멧새속,,,hortulana,회색머리멧새
313,조류,Emberiza jankowskii,점박이멧새,Taczanowski,1888,,Chordata,척삭동물문,Aves,조강,Passeriformes,참새목,Emberizidae,멧새과,Emberiza,멧새속,,,jankowskii,점박이멧새
314,조류,Emberiza leucocephalos,흰머리멧새,S.G.Gmelin,1771,,Chordata,척삭동물문,Aves,조강,Passeriformes,참새목,Emberizidae,멧새과,Emberiza,멧새속,,,leucocephalos,흰머리멧새
315,조류,Emberiza melanocephala,검은머리멧새,Scopoli,1769,,Chordata,척삭동물문,Aves,조강,Passeriformes,참새목,Emberizidae,멧새과,Emberiza,멧새속,,,melanocephala,검은머리멧새
316,조류,Emberiza pallasi,북방검은머리쑥새,(Cabanis),-1851,,Chordata,척삭동물문,Aves,조강,Passeriformes,참새목,Emberizidae,멧새과,Emberiza,멧새속,,,pallasi,북방검은머리쑥새
317,조류,Emberiza pusilla,쇠붉은뺨멧새,Pallas,1776,,Chordata,척삭동물문,Aves,조강,Passeriformes,참새목,Emberizidae,멧새과,Emberiza,멧새속,,,pusilla,쇠붉은뺨멧새
318,조류,Emberiza rustica,쑥새,Pallas,1776,,Chordata,척삭동물문,Aves,조강,Passeriformes,참새목,Emberizidae,멧새과,Emberiza,멧새속,,,rustica,쑥새
319,조류,Emberiza rutila,꼬까참새,Pallas,1776,,Chordata,척삭동물문,Aves,조강,Passeriformes,참새목,Emberizidae,멧새과,Emberiza,멧새속,,,rutila,꼬까참새
320,조류,Emberiza schoeniclus,검은머리쑥새,(Linnaeus),-1758,,Chordata,척삭동물문,Aves,조강,Passeriformes,참새목,Emberizidae,멧새과,Emberiza,멧새속,,,schoeniclus,검은머리쑥새
321,조류,Emberiza spodocephala,촉새,Pallas,1776,,Chordata,척삭동물문,Aves,조강,Passeriformes,참새목,Emberizidae,멧새과,Emberiza,멧새속,,,spodocephala,촉새
322,조류,Emberiza sulphurata,무당새,Temminck & Schlegel,1848,Ⅱ,Chordata,척삭동물문,Aves,조강,Passeriformes,참새목,Emberizidae,멧새과,Emberiza,멧새속,,,sulphurata,무당새
323,조류,Emberiza tristrami,흰배멧새,Swinhoe,1870,,Chordata,척삭동물문,Aves,조강,Passeriformes,참새목,Emberizidae,멧새과,Emberiza,멧새속,,,tristrami,흰배멧새
324,조류,Emberiza variabilis,검은멧새,Temminck,1836,,Chordata,척삭동물문,Aves,조강,Passeriformes,참새목,Emberizidae,멧새과,Emberiza,멧새속,,,variabilis,검은멧새
325,조류,Emberiza yessoensis,쇠검은머리쑥새,(Swinhoe),-1874,Ⅱ,Chordata,척삭동물문,Aves,조강,Passeriformes,참새목,Emberizidae,멧새과,Emberiza,멧새속,,,yessoensis,쇠검은머리쑥새
326,조류,Passerculus sandwichensis,초원멧새,(Gmelin),-1789,,Chordata,척삭동물문,Aves,조강,Passeriformes,참새목,Emberizidae,멧새과,Passerculus,초원멧새속,,,sandwichensis,초원멧새
327,조류,Plectrophenax nivalis,흰멧새,(Linnaeus),-1758,,Chordata,척삭동물문,Aves,조강,Passeriformes,참새목,Emberizidae,멧새과,Plectrophenax,흰멧새속,,,nivalis,흰멧새
328,조류,Zonotrichia leucophrys,흰정수리북미멧새,(Forster),-1772,,Chordata,척삭동물문,Aves,조강,Passeriformes,참새목,Emberizidae,멧새과,Zonotrichia,흰정수리북미멧새속,,,leucophrys,흰정수리북미멧새
329,조류,Lonchura punctulata,얼룩무늬납부리새,(Linnaeus),-1758,,Chordata,척삭동물문,Aves,조강,Passeriformes,참새목,Estrildidae,납부리새과,Lonchura,납부리새속,,,punctulata,얼룩무늬납부리새
330,조류,Carduelis flammea,홍방울새,(Linnaeus),-1758,,Chordata,척삭동물문,Aves,조강,Passeriformes,참새목,Fringillidae,되새과,Carduelis,방울새속,,,flammea,홍방울새
331,조류,Carduelis hornemanni,쇠홍방울새,(Holboell),-1843,,Chordata,척삭동물문,Aves,조강,Passeriformes,참새목,Fringillidae,되새과,Carduelis,방울새속,,,hornemanni,쇠홍방울새
332,조류,Carduelis sinica,방울새,(Linnaeus),-1766,,Chordata,척삭동물문,Aves,조강,Passeriformes,참새목,Fringillidae,되새과,Carduelis,방울새속,,,sinica,방울새
333,조류,Carduelis spinus,검은머리방울새,(Linnaeus),-1758,,Chordata,척삭동물문,Aves,조강,Passeriformes,참새목,Fringillidae,되새과,Carduelis,방울새속,,,spinus,검은머리방울새
334,조류,Carpodacus erythrinus,붉은양진이,(Pallas),-1770,,Chordata,척삭동물문,Aves,조강,Passeriformes,참새목,Fringillidae,되새과,Carpodacus,양진이속,,,erythrinus,붉은양진이
335,조류,Carpodacus roseus,양진이,(Pallas),-1776,,Chordata,척삭동물문,Aves,조강,Passeriformes,참새목,Fringillidae,되새과,Carpodacus,양진이속,,,roseus,양진이
336,조류,Coccothraustes coccothraustes,콩새,(Linnaeus),-1758,,Chordata,척삭동물문,Aves,조강,Passeriformes,참새목,Fringillidae,되새과,Coccothraustes,콩새속,,,coccothraustes,콩새
337,조류,Eophona migratoria,밀화부리,Hartert,1903,,Chordata,척삭동물문,Aves,조강,Passeriformes,참새목,Fringillidae,되새과,Eophona,밀화부리속,,,migratoria,밀화부리
338,조류,Eophona personata,큰부리밀화부리,(Temminck & Schlegel),-1848,,Chordata,척삭동물문,Aves,조강,Passeriformes,참새목,Fringillidae,되새과,Eophona,밀화부리속,,,personata,큰부리밀화부리
339,조류,Fringilla montifringilla,되새,Linnaeus,1758,,Chordata,척삭동물문,Aves,조강,Passeriformes,참새목,Fringillidae,되새과,Fringilla,되새속,,,montifringilla,되새
340,조류,Leucosticte arctoa,갈색양진이,(Pallas),-1811,,Chordata,척삭동물문,Aves,조강,Passeriformes,참새목,Fringillidae,되새과,Leucosticte,갈색양진이속,,,arctoa,갈색양진이
341,조류,Loxia curvirostra,솔잣새,Linnaeus,1758,,Chordata,척삭동물문,Aves,조강,Passeriformes,참새목,Fringillidae,되새과,Loxia,솔잣새속,,,curvirostra,솔잣새
342,조류,Loxia leucoptera,흰죽지솔잣새,Gmelin,1789,,Chordata,척삭동물문,Aves,조강,Passeriformes,참새목,Fringillidae,되새과,Loxia,솔잣새속,,,leucoptera,흰죽지솔잣새
343,조류,Pinicola enucleator,솔양진이,(Linnaeus),-1758,,Chordata,척삭동물문,Aves,조강,Passeriformes,참새목,Fringillidae,되새과,Pinicola,솔양진이속,,,enucleator,솔양진이
344,조류,Pyrrhula pyrrhula,멋쟁이새,(Linnaeus),-1758,,Chordata,척삭동물문,Aves,조강,Passeriformes,참새목,Fringillidae,되새과,Pyrrhula,멋쟁이새속,,,pyrrhula,멋쟁이새
345,조류,Uragus sibiricus,긴꼬리홍양진이,(Pallas),-1773,,Chordata,척삭동물문,Aves,조강,Passeriformes,참새목,Fringillidae,되새과,Uragus,홍양진이속,,,sibiricus,긴꼬리홍양진이
346,조류,Cecropis daurica,귀제비,(Laxmann),-1769,,Chordata,척삭동물문,Aves,조강,Passeriformes,참새목,Hirundinidae,제비과,Cecropis,귀제비속,,,daurica,귀제비
347,조류,Delichon dasypus,흰털발제비,(Bonaparte),-1850,,Chordata,척삭동물문,Aves,조강,Passeriformes,참새목,Hirundinidae,제비과,Delichon,털발제비속,,,dasypus,흰털발제비
348,조류,Delichon urbicum,흰턱제비,(Linnaeus),-1758,,Chordata,척삭동물문,Aves,조강,Passeriformes,참새목,Hirundinidae,제비과,Delichon,털발제비속,,,urbicum,흰턱제비
349,조류,Hirundo rustica,제비,Linnaeus,1758,,Chordata,척삭동물문,Aves,조강,Passeriformes,참새목,Hirundinidae,제비과,Hirundo,제비속,,,rustica,제비
350,조류,Ptyonoprogne rupestris,바위산제비,(Scopoli),-1769,,Chordata,척삭동물문,Aves,조강,Passeriformes,참새목,Hirundinidae,제비과,Ptyonoprogne,바위산제비속,,,rupestris,바위산제비
351,조류,Riparia riparia,갈색제비,(Linnaeus),-1758,,Chordata,척삭동물문,Aves,조강,Passeriformes,참새목,Hirundinidae,제비과,Riparia,갈색제비속,,,riparia,갈색제비
352,조류,Lanius bucephalus,때까치,Temminck & Schlegel,1845,,Chordata,척삭동물문,Aves,조강,Passeriformes,참새목,Laniidae,때까치과,Lanius,때까치속,,,bucephalus,때까치
353,조류,Lanius collurio,붉은등때까치,Linnaeus,1758,,Chordata,척삭동물문,Aves,조강,Passeriformes,참새목,Laniidae,때까치과,Lanius,때까치속,,,collurio,붉은등때까치
354,조류,Lanius cristatus,노랑때까치,Linnaeus,1758,,Chordata,척삭동물문,Aves,조강,Passeriformes,참새목,Laniidae,때까치과,Lanius,때까치속,,,cristatus,노랑때까치
355,조류,Lanius excubitor,재때까치,Linnaeus,1758,,Chordata,척삭동물문,Aves,조강,Passeriformes,참새목,Laniidae,때까치과,Lanius,때까치속,,,excubitor,재때까치
356,조류,Lanius schach,긴꼬리때까치,Linnaeus,1758,,Chordata,척삭동물문,Aves,조강,Passeriformes,참새목,Laniidae,때까치과,Lanius,때까치속,,,schach,긴꼬리때까치
357,조류,Lanius sphenocercus,물때까치,Cabanis,1873,,Chordata,척삭동물문,Aves,조강,Passeriformes,참새목,Laniidae,때까치과,Lanius,때까치속,,,sphenocercus,물때까치
358,조류,Lanius tigrinus,칡때까치,Drapiez,1828,,Chordata,척삭동물문,Aves,조강,Passeriformes,참새목,Laniidae,때까치과,Lanius,때까치속,,,tigrinus,칡때까치
359,조류,Terpsiphone atrocaudata,긴꼬리딱새,(Eyton),-1839,Ⅱ,Chordata,척삭동물문,Aves,조강,Passeriformes,참새목,Monarchidae,긴꼬리딱새과,Terpsiphone,긴꼬리딱새속,,,atrocaudata,긴꼬리딱새
360,조류,Terpsiphone paradisi,북방긴꼬리딱새,(Linnaeus),-1758,,Chordata,척삭동물문,Aves,조강,Passeriformes,참새목,Monarchidae,긴꼬리딱새과,Terpsiphone,긴꼬리딱새속,,,paradisi,북방긴꼬리딱새
361,조류,Anthus cervinus,붉은가슴밭종다리,(pallas),-1811,,Chordata,척삭동물문,Aves,조강,Passeriformes,참새목,Motacillidae,할미새과,Anthus,밭종다리속,,,cervinus,붉은가슴밭종다리
362,조류,Anthus godlewskii,쇠밭종다리,(Taczanowski),-1876,,Chordata,척삭동물문,Aves,조강,Passeriformes,참새목,Motacillidae,할미새과,Anthus,밭종다리속,,,godlewskii,쇠밭종다리
363,조류,Anthus gustavi,흰등밭종다리,Swinhoe,1863,,Chordata,척삭동물문,Aves,조강,Passeriformes,참새목,Motacillidae,할미새과,Anthus,밭종다리속,,,gustavi,흰등밭종다리
364,조류,Anthus hodgsoni,힝둥새,Richmond,1907,,Chordata,척삭동물문,Aves,조강,Passeriformes,참새목,Motacillidae,할미새과,Anthus,밭종다리속,,,hodgsoni,힝둥새
365,조류,Anthus pratensis,풀밭종다리,(Linnaeus),-1758,,Chordata,척삭동물문,Aves,조강,Passeriformes,참새목,Motacillidae,할미새과,Anthus,밭종다리속,,,pratensis,풀밭종다리
366,조류,Anthus richardi,큰밭종다리,Vieillot,1818,,Chordata,척삭동물문,Aves,조강,Passeriformes,참새목,Motacillidae,할미새과,Anthus,밭종다리속,,,richardi,큰밭종다리
367,조류,Anthus roseatus,한국밭종다리,Blyth,1847,,Chordata,척삭동물문,Aves,조강,Passeriformes,참새목,Motacillidae,할미새과,Anthus,밭종다리속,,,roseatus,한국밭종다리
368,조류,Anthus rubescens,밭종다리,(Tunstall),-1771,,Chordata,척삭동물문,Aves,조강,Passeriformes,참새목,Motacillidae,할미새과,Anthus,밭종다리속,,,rubescens,밭종다리
369,조류,Anthus spinoletta,옅은밭종다리,Linnaeus,1758,,Chordata,척삭동물문,Aves,조강,Passeriformes,참새목,Motacillidae,할미새과,Anthus,밭종다리속,,,spinoletta,옅은밭종다리
370,조류,Anthus trivialis,나무밭종다리,(Linnaeus),-1758,,Chordata,척삭동물문,Aves,조강,Passeriformes,참새목,Motacillidae,할미새과,Anthus,밭종다리속,,,trivialis,나무밭종다리
371,조류,Dendronanthus indicus,물레새,(Gmelin),-1789,,Chordata,척삭동물문,Aves,조강,Passeriformes,참새목,Motacillidae,할미새과,Dendronanthus,물레새속,,,indicus,물레새
372,조류,Motacilla alba,알락할미새,Linnaeus,1758,,Chordata,척삭동물문,Aves,조강,Passeriformes,참새목,Motacillidae,할미새과,Motacilla,할미새속,,,alba,알락할미새
373,조류,Motacilla cinerea,노랑할미새,Tunstall,1771,,Chordata,척삭동물문,Aves,조강,Passeriformes,참새목,Motacillidae,할미새과,Motacilla,할미새속,,,cinerea,노랑할미새
374,조류,Motacilla citreola,노랑머리할미새,Pallas,1776,,Chordata,척삭동물문,Aves,조강,Passeriformes,참새목,Motacillidae,할미새과,Motacilla,할미새속,,,citreola,노랑머리할미새
375,조류,Motacilla flava,긴발톱할미새,Linnaeus,1758,,Chordata,척삭동물문,Aves,조강,Passeriformes,참새목,Motacillidae,할미새과,Motacilla,할미새속,,,flava,긴발톱할미새
376,조류,Motacilla grandis,검은등할미새,Sharpe,1885,,Chordata,척삭동물문,Aves,조강,Passeriformes,참새목,Motacillidae,할미새과,Motacilla,할미새속,,,grandis,검은등할미새
377,조류,Chaimarrornis leucocephalus,흰머리바위딱새,(Vigors),-1831,,Chordata,척삭동물문,Aves,조강,Passeriformes,참새목,Muscicapidae,솔딱새과,Chaimarrornis,흰머리바위딱새속,,,leucocephalus,흰머리바위딱새
378,조류,Cyanoptila cyanomelana,큰유리새,(Temminck),-1829,,Chordata,척삭동물문,Aves,조강,Passeriformes,참새목,Muscicapidae,솔딱새과,Cyanoptila,큰유리새속,,,cyanomelana,큰유리새
379,조류,Erithacus rubecula,꼬까울새,(Linnaeus),-1758,,Chordata,척삭동물문,Aves,조강,Passeriformes,참새목,Muscicapidae,솔딱새과,Erithacus,꼬까울새속,,,rubecula,꼬까울새
380,조류,Eumyias thalassinus,파랑딱새,(Swainson),-1838,,Chordata,척삭동물문,Aves,조강,Passeriformes,참새목,Muscicapidae,솔딱새과,Eumyias,파랑딱새속,,,thalassinus,파랑딱새
381,조류,Ficedula albicilla,흰꼬리딱새,(Pallas),-1811,,Chordata,척삭동물문,Aves,조강,Passeriformes,참새목,Muscicapidae,솔딱새과,Ficedula,황금새속,,,albicilla,흰꼬리딱새
382,조류,Ficedula mugimaki,노랑딱새,(Temminck),-1836,,Chordata,척삭동물문,Aves,조강,Passeriformes,참새목,Muscicapidae,솔딱새과,Ficedula,황금새속,,,mugimaki,노랑딱새
383,조류,Ficedula narcissina,황금새,(Temminck),-1836,,Chordata,척삭동물문,Aves,조강,Passeriformes,참새목,Muscicapidae,솔딱새과,Ficedula,황금새속,,,narcissina,황금새
384,조류,Ficedula parva,붉은가슴흰꼬리딱새,(Bechstein),-1792,,Chordata,척삭동물문,Aves,조강,Passeriformes,참새목,Muscicapidae,솔딱새과,Ficedula,황금새속,,,parva,붉은가슴흰꼬리딱새
385,조류,Ficedula zanthopygia,흰눈썹황금새,(Hay),-1845,,Chordata,척삭동물문,Aves,조강,Passeriformes,참새목,Muscicapidae,솔딱새과,Ficedula,황금새속,,,zanthopygia,흰눈썹황금새
386,조류,Luscinia akahige,붉은가슴울새,(Temminck),-1835,,Chordata,척삭동물문,Aves,조강,Passeriformes,참새목,Muscicapidae,솔딱새과,Luscinia,진홍가슴속,,,akahige,붉은가슴울새
387,조류,Luscinia calliope,진홍가슴,(Pallas),-1776,,Chordata,척삭동물문,Aves,조강,Passeriformes,참새목,Muscicapidae,솔딱새과,Luscinia,진홍가슴속,,,calliope,진홍가슴
388,조류,Luscinia cyane,쇠유리새,(Pallas),-1776,,Chordata,척삭동물문,Aves,조강,Passeriformes,참새목,Muscicapidae,솔딱새과,Luscinia,진홍가슴속,,,cyane,쇠유리새
389,조류,Luscinia cyanura,유리딱새,(Pallas),-1773,,Chordata,척삭동물문,Aves,조강,Passeriformes,참새목,Muscicapidae,솔딱새과,Luscinia,진홍가슴속,,,cyanura,유리딱새
390,조류,Luscinia sibilans,울새,(Swinhoe),-1863,,Chordata,척삭동물문,Aves,조강,Passeriformes,참새목,Muscicapidae,솔딱새과,Luscinia,진홍가슴속,,,sibilans,울새
391,조류,Luscinia svecica,흰눈썹울새,(Linnaeus),-1758,,Chordata,척삭동물문,Aves,조강,Passeriformes,참새목,Muscicapidae,솔딱새과,Luscinia,진홍가슴속,,,svecica,흰눈썹울새
392,조류,Monticola gularis,꼬까직박구리,(Swinhoe),-1863,,Chordata,척삭동물문,Aves,조강,Passeriformes,참새목,Muscicapidae,솔딱새과,Monticola,바다직박구리속,,,gularis,꼬까직박구리
393,조류,Monticola solitarius,바다직박구리,(Linnaeus),-1758,,Chordata,척삭동물문,Aves,조강,Passeriformes,참새목,Muscicapidae,솔딱새과,Monticola,바다직박구리속,,,solitarius,바다직박구리
394,조류,Muscicapa dauurica,쇠솔딱새,Pallas,1811,,Chordata,척삭동물문,Aves,조강,Passeriformes,참새목,Muscicapidae,솔딱새과,Muscicapa,솔딱새속,,,dauurica,쇠솔딱새
395,조류,Muscicapa ferruginea,회색머리딱새,(Hodgson),-1845,,Chordata,척삭동물문,Aves,조강,Passeriformes,참새목,Muscicapidae,솔딱새과,Muscicapa,솔딱새속,,,ferruginea,회색머리딱새
396,조류,Muscicapa griseisticta,제비딱새,(Swinhoe),-1861,,Chordata,척삭동물문,Aves,조강,Passeriformes,참새목,Muscicapidae,솔딱새과,Muscicapa,솔딱새속,,,griseisticta,제비딱새
397,조류,Muscicapa sibirica,솔딱새,Gmelin,1789,,Chordata,척삭동물문,Aves,조강,Passeriformes,참새목,Muscicapidae,솔딱새과,Muscicapa,솔딱새속,,,sibirica,솔딱새
398,조류,Niltava davidi,붉은가슴딱새,La Touche,1907,,Chordata,척삭동물문,Aves,조강,Passeriformes,참새목,Muscicapidae,솔딱새과,Niltava,붉은가슴딱새속,,,davidi,붉은가슴딱새
399,조류,Oenanthe deserti,검은꼬리사막딱새,(Temminck),-1825,,Chordata,척삭동물문,Aves,조강,Passeriformes,참새목,Muscicapidae,솔딱새과,Oenanthe,사막딱새속,,,deserti,검은꼬리사막딱새
400,조류,Oenanthe isabellina,긴다리사막딱새,(Temminck),-1829,,Chordata,척삭동물문,Aves,조강,Passeriformes,참새목,Muscicapidae,솔딱새과,Oenanthe,사막딱새속,,,isabellina,긴다리사막딱새
401,조류,Oenanthe oenanthe,사막딱새,(Linnaeus),-1758,,Chordata,척삭동물문,Aves,조강,Passeriformes,참새목,Muscicapidae,솔딱새과,Oenanthe,사막딱새속,,,oenanthe,사막딱새
402,조류,Oenanthe pleschanka,검은등사막딱새,(Lepechin),-1770,,Chordata,척삭동물문,Aves,조강,Passeriformes,참새목,Muscicapidae,솔딱새과,Oenanthe,사막딱새속,,,pleschanka,검은등사막딱새
403,조류,Phoenicurus auroreus,딱새,(Pallas),-1776,,Chordata,척삭동물문,Aves,조강,Passeriformes,참새목,Muscicapidae,솔딱새과,Phoenicurus,딱새속,,,auroreus,딱새
404,조류,Phoenicurus ochruros,검은머리딱새,(S.G.Gmelin),-1774,,Chordata,척삭동물문,Aves,조강,Passeriformes,참새목,Muscicapidae,솔딱새과,Phoenicurus,딱새속,,,ochruros,검은머리딱새
405,조류,Rhyacornis fuliginosa,부채꼬리바위딱새,(Vigors),-1831,,Chordata,척삭동물문,Aves,조강,Passeriformes,참새목,Muscicapidae,솔딱새과,Rhyacornis,부채꼬리바위딱새속,,,fuliginosa,부채꼬리바위딱새
406,조류,Saxicola ferreus,검은뺨딱새,Gray,1846,,Chordata,척삭동물문,Aves,조강,Passeriformes,참새목,Muscicapidae,솔딱새과,Saxicola,검은딱새속,,,ferreus,검은뺨딱새
407,조류,Saxicola torquatus,검은딱새,(Linnaeus),-1766,,Chordata,척삭동물문,Aves,조강,Passeriformes,참새목,Muscicapidae,솔딱새과,Saxicola,검은딱새속,,,torquatus,검은딱새
408,조류,Oriolus chinensis,꾀꼬리,Linnaeus,1766,,Chordata,척삭동물문,Aves,조강,Passeriformes,참새목,Oriolidae,꾀꼬리과,Oriolus,꾀꼬리속,,,chinensis,꾀꼬리
409,조류,Parus ater,진박새,Linnaeus,1758,,Chordata,척삭동물문,Aves,조강,Passeriformes,참새목,Paridae,박새과,Parus,박새속,,,ater,진박새
410,조류,Parus major,박새,Linnaeus,1758,,Chordata,척삭동물문,Aves,조강,Passeriformes,참새목,Paridae,박새과,Parus,박새속,,,major,박새
411,조류,Parus montanus,북방쇠박새,Conrad von Baldenstein,1827,,Chordata,척삭동물문,Aves,조강,Passeriformes,참새목,Paridae,박새과,Parus,박새속,,,montanus,북방쇠박새
412,조류,Parus palustris,쇠박새,Linnaeus,1758,,Chordata,척삭동물문,Aves,조강,Passeriformes,참새목,Paridae,박새과,Parus,박새속,,,palustris,쇠박새
413,조류,Parus varius,곤줄박이,Temminck & Schlegel,1848,,Chordata,척삭동물문,Aves,조강,Passeriformes,참새목,Paridae,박새과,Parus,박새속,,,varius,곤줄박이
414,조류,Parus venustulus,노랑배진박새,Swinhoe,1870,,Chordata,척삭동물문,Aves,조강,Passeriformes,참새목,Paridae,박새과,Parus,박새속,,,venustulus,노랑배진박새
415,조류,Passer domesticus,집참새,(Linnaeus),-1758,,Chordata,척삭동물문,Aves,조강,Passeriformes,참새목,Passeridae,참새과,Passer,참새속,,,domesticus,집참새
416,조류,Passer montanus,참새,(Linnaeus),-1758,,Chordata,척삭동물문,Aves,조강,Passeriformes,참새목,Passeridae,참새과,Passer,참새속,,,montanus,참새
417,조류,Passer rutilans,섬참새,(Temminck),-1836,,Chordata,척삭동물문,Aves,조강,Passeriformes,참새목,Passeridae,참새과,Passer,참새속,,,rutilans,섬참새
418,조류,Pitta moluccensis,푸른날개팔색조,(Statius Muller),-1776,,Chordata,척삭동물문,Aves,조강,Passeriformes,참새목,Pittidae,팔색조과,Pitta,팔색조속,,,moluccensis,푸른날개팔색조
419,조류,Pitta nympha,팔색조,Temminck & Schlegel,1850,Ⅱ,Chordata,척삭동물문,Aves,조강,Passeriformes,참새목,Pittidae,팔색조과,Pitta,팔색조속,,,nympha,팔색조
420,조류,Prunella collaris,바위종다리,(Scopoli),-1769,,Chordata,척삭동물문,Aves,조강,Passeriformes,참새목,Prunellidae,바위종다리과,Prunella,바위종다리속,,,collaris,바위종다리
421,조류,Prunella montanella,멧종다리,(pallas),-1776,,Chordata,척삭동물문,Aves,조강,Passeriformes,참새목,Prunellidae,바위종다리과,Prunella,바위종다리속,,,montanella,멧종다리
422,조류,Prunella rubida,쇠바위종다리,(Temminck & Schlegel),1848,,Chordata,척삭동물문,Aves,조강,Passeriformes,참새목,Prunellidae,바위종다리과,Prunella,바위종다리속,,,rubida,쇠바위종다리
423,조류,Microscelis amaurotis,직박구리,(Temminck),-1830,,Chordata,척삭동물문,Aves,조강,Passeriformes,참새목,Pycnonotidae,직박구리과,Microscelis,직박구리속,,,amaurotis,직박구리
424,조류,Pycnonotus sinensis,검은이마직박구리,(Gmelin),-1789,,Chordata,척삭동물문,Aves,조강,Passeriformes,참새목,Pycnonotidae,직박구리과,Pycnonotus,검은이마직박구리속,,,sinensis,검은이마직박구리
425,조류,Regulus regulus,상모솔새,(Linnaeus),-1758,,Chordata,척삭동물문,Aves,조강,Passeriformes,참새목,Regulidae,상모솔새과,Regulus,상모솔새속,,,regulus,상모솔새
426,조류,Remiz pendulinus,스윈호오목눈이,(Linnaeus),-1758,,Chordata,척삭동물문,Aves,조강,Passeriformes,참새목,Remizidae,스윈호오목눈이과,Remiz,스윈호오목눈이속,,,pendulinus,스윈호오목눈이
427,조류,Sitta europaea,동고비,(Linnaeus),-1758,,Chordata,척삭동물문,Aves,조강,Passeriformes,참새목,Sittidae,동고비과,Sitta,동고비속,,,europaea,동고비
428,조류,Sitta villosa,쇠동고비,Verreaux,1865,,Chordata,척삭동물문,Aves,조강,Passeriformes,참새목,Sittidae,동고비과,Sitta,동고비속,,,villosa,쇠동고비
429,조류,Culicicapa ceylonensis,회색머리노랑딱새,Swainson,1820,,Chordata,척삭동물문,Aves,조강,Passeriformes,참새목,Stenostiridae,요정딱새과,Culicicapa,회색머리노랑딱새속,,,ceylonensis,회색머리노랑딱새
430,조류,Acridotheres cristatellus,검은뿔찌르레기,Linnaeus,1758,,Chordata,척삭동물문,Aves,조강,Passeriformes,참새목,Sturnidae,찌르레기과,Acridotheres,뿔찌르레기속,,,cristatellus,검은뿔찌르레기
431,조류,Sturnus cineraceus,찌르레기,Temminck,1835,,Chordata,척삭동물문,Aves,조강,Passeriformes,참새목,Sturnidae,찌르레기과,Sturnus,찌르레기속,,,cineraceus,찌르레기
432,조류,Sturnus philippensis,쇠찌르레기,(Forster),-1781,,Chordata,척삭동물문,Aves,조강,Passeriformes,참새목,Sturnidae,찌르레기과,Sturnus,찌르레기속,,,philippensis,쇠찌르레기
433,조류,Sturnus roseus,분홍찌르레기,(Linnaeus),-1758,,Chordata,척삭동물문,Aves,조강,Passeriformes,참새목,Sturnidae,찌르레기과,Sturnus,찌르레기속,,,roseus,분홍찌르레기
434,조류,Sturnus sericeus,붉은부리찌르레기,Gmelin,1789,,Chordata,척삭동물문,Aves,조강,Passeriformes,참새목,Sturnidae,찌르레기과,Sturnus,찌르레기속,,,sericeus,붉은부리찌르레기
435,조류,Sturnus sinensis,잿빛쇠찌르레기,(Gmelin),-1788,,Chordata,척삭동물문,Aves,조강,Passeriformes,참새목,Sturnidae,찌르레기과,Sturnus,찌르레기속,,,sinensis,잿빛쇠찌르레기
436,조류,Sturnus sturninus,북방쇠찌르레기,(Pallas),-1776,,Chordata,척삭동물문,Aves,조강,Passeriformes,참새목,Sturnidae,찌르레기과,Sturnus,찌르레기속,,,sturninus,북방쇠찌르레기
437,조류,Sturnus vulgaris,흰점찌르레기,Linnaeus,1758,,Chordata,척삭동물문,Aves,조강,Passeriformes,참새목,Sturnidae,찌르레기과,Sturnus,찌르레기속,,,vulgaris,흰점찌르레기
438,조류,Acrocephalus agricola,북방쇠개개비,(Jerdon),-1845,,Chordata,척삭동물문,Aves,조강,Passeriformes,참새목,Sylviidae,휘파람새과,Acrocephalus,개개비속,,,agricola,북방쇠개개비
439,조류,Acrocephalus bistrigiceps,쇠개개비,Swinhoe,1860,,Chordata,척삭동물문,Aves,조강,Passeriformes,참새목,Sylviidae,휘파람새과,Acrocephalus,개개비속,,,bistrigiceps,쇠개개비
440,조류,Acrocephalus orientalis,개개비,(Temminck & Schlegel),-1847,,Chordata,척삭동물문,Aves,조강,Passeriformes,참새목,Sylviidae,휘파람새과,Acrocephalus,개개비속,,,orientalis,개개비
441,조류,Acrocephalus schoenobaenus,풀쇠개개비,Linnaeus,1758,,Chordata,척삭동물문,Aves,조강,Passeriformes,참새목,Sylviidae,휘파람새과,Acrocephalus,개개비속,,,schoenobaenus,풀쇠개개비
442,조류,Bradypterus thoracicus,점무늬가슴쥐발귀,(Blyth),-1845,,Chordata,척삭동물문,Aves,조강,Passeriformes,참새목,Sylviidae,휘파람새과,Bradypterus,점무늬가슴쥐발귀속,,,thoracicus,점무늬가슴쥐발귀
443,조류,Cettia diphone,휘파람새,(Kittlitz),-1830,,Chordata,척삭동물문,Aves,조강,Passeriformes,참새목,Sylviidae,휘파람새과,Cettia,휘파람새속,,,diphone,휘파람새
444,조류,Locustella certhiola,북방개개비,(Pallas),-1811,,Chordata,척삭동물문,Aves,조강,Passeriformes,참새목,Sylviidae,휘파람새과,Locustella,붉은허리개개비속,,,certhiola,북방개개비
445,조류,Locustella fasciolata,붉은허리개개비,(G.R.Gray),-1860,,Chordata,척삭동물문,Aves,조강,Passeriformes,참새목,Sylviidae,휘파람새과,Locustella,붉은허리개개비속,,,fasciolata,붉은허리개개비
446,조류,Locustella lanceolata,쥐발귀개개비,(Temminck),-1840,,Chordata,척삭동물문,Aves,조강,Passeriformes,참새목,Sylviidae,휘파람새과,Locustella,붉은허리개개비속,,,lanceolata,쥐발귀개개비
447,조류,Locustella ochotensis,알락꼬리쥐발귀,(Middendorff),-1853,,Chordata,척삭동물문,Aves,조강,Passeriformes,참새목,Sylviidae,휘파람새과,Locustella,붉은허리개개비속,,,ochotensis,알락꼬리쥐발귀
448,조류,Locustella pleskei,섬개개비,Taczanowski,1890,Ⅱ,Chordata,척삭동물문,Aves,조강,Passeriformes,참새목,Sylviidae,휘파람새과,Locustella,붉은허리개개비속,,,pleskei,섬개개비
449,조류,Megalurus pryeri,큰개개비,Seebohm,1884,,Chordata,척삭동물문,Aves,조강,Passeriformes,참새목,Sylviidae,휘파람새과,Megalurus,큰개개비속,,,pryeri,큰개개비
450,조류,Phragmaticola aedon,큰부리개개비,(Pallas),-1776,,Chordata,척삭동물문,Aves,조강,Passeriformes,참새목,Sylviidae,휘파람새과,Phragmaticola,큰부리개개비속,,,aedon,큰부리개개비
451,조류,Phylloscopus affinis,노랑배솔새사촌,(Tickell),-1833,,Chordata,척삭동물문,Aves,조강,Passeriformes,참새목,Sylviidae,휘파람새과,Phylloscopus,솔새속,,,affinis,노랑배솔새사촌
452,조류,Phylloscopus borealis,쇠솔새,(Blasius),-1858,,Chordata,척삭동물문,Aves,조강,Passeriformes,참새목,Sylviidae,휘파람새과,Phylloscopus,솔새속,,,borealis,쇠솔새
453,조류,Phylloscopus borealoides,사할린되솔새,Portenko,1950,,Chordata,척삭동물문,Aves,조강,Passeriformes,참새목,Sylviidae,휘파람새과,Phylloscopus,솔새속,,,borealoides,사할린되솔새
454,조류,Phylloscopus collybita,검은다리솔새,(Vieillot),-1817,,Chordata,척삭동물문,Aves,조강,Passeriformes,참새목,Sylviidae,휘파람새과,Phylloscopus,솔새속,,,collybita,검은다리솔새
455,조류,Phylloscopus coronatus,산솔새,(Temminck & Schlegel),-1847,,Chordata,척삭동물문,Aves,조강,Passeriformes,참새목,Sylviidae,휘파람새과,Phylloscopus,솔새속,,,coronatus,산솔새
456,조류,Phylloscopus fuscatus,솔새사촌,(Blyth),-1842,,Chordata,척삭동물문,Aves,조강,Passeriformes,참새목,Sylviidae,휘파람새과,Phylloscopus,솔새속,,,fuscatus,솔새사촌
457,조류,Phylloscopus humei,연노랑눈썹솔새,(Brooks),-1878,,Chordata,척삭동물문,Aves,조강,Passeriformes,참새목,Sylviidae,휘파람새과,Phylloscopus,솔새속,,,humei,연노랑눈썹솔새
458,조류,Phylloscopus inornatus,노랑눈썹솔새,(Blyth),-1842,,Chordata,척삭동물문,Aves,조강,Passeriformes,참새목,Sylviidae,휘파람새과,Phylloscopus,솔새속,,,inornatus,노랑눈썹솔새
459,조류,Phylloscopus plumbeitarsus,버들솔새,Swinhoe,1861,,Chordata,척삭동물문,Aves,조강,Passeriformes,참새목,Sylviidae,휘파람새과,Phylloscopus,솔새속,,,plumbeitarsus,버들솔새
460,조류,Phylloscopus proregulus,노랑허리솔새,(Pallas),-1811,,Chordata,척삭동물문,Aves,조강,Passeriformes,참새목,Sylviidae,휘파람새과,Phylloscopus,솔새속,,,proregulus,노랑허리솔새
461,조류,Phylloscopus reguloides,히말라야산솔새,(Blyth),-1842,,Chordata,척삭동물문,Aves,조강,Passeriformes,참새목,Sylviidae,휘파람새과,Phylloscopus,솔새속,,,reguloides,히말라야산솔새
462,조류,Phylloscopus schwarzi,긴다리솔새사촌,(Radde),-1863,,Chordata,척삭동물문,Aves,조강,Passeriformes,참새목,Sylviidae,휘파람새과,Phylloscopus,솔새속,,,schwarzi,긴다리솔새사촌
463,조류,Phylloscopus tenellipes,되솔새,Swinhoe,1860,,Chordata,척삭동물문,Aves,조강,Passeriformes,참새목,Sylviidae,휘파람새과,Phylloscopus,솔새속,,,tenellipes,되솔새
464,조류,Phylloscopus trochilus,연노랑솔새,(Linnaeus),-1758,,Chordata,척삭동물문,Aves,조강,Passeriformes,참새목,Sylviidae,휘파람새과,Phylloscopus,솔새속,,,trochilus,연노랑솔새
465,조류,Sylvia curruca,쇠흰턱딱새,(Linnaeus),-1758,,Chordata,척삭동물문,Aves,조강,Passeriformes,참새목,Sylviidae,휘파람새과,Sylvia,쇠흰턱딱새속,,,curruca,쇠흰턱딱새
466,조류,Sylvia nisoria,비늘무늬덤불개개비,(Bechstein),1795,,Chordata,척삭동물문,Aves,조강,Passeriformes,참새목,Sylviidae,휘파람새과,Sylvia,쇠흰턱딱새속,,,nisoria,비늘무늬덤불개개비
467,조류,Urosphena squameiceps,숲새,(Swinhoe),-1863,,Chordata,척삭동물문,Aves,조강,Passeriformes,참새목,Sylviidae,휘파람새과,Urosphena,숲새속,,,squameiceps,숲새
468,조류,Panurus biarmicus,수염오목눈이,(Linnaeus),-1758,,Chordata,척삭동물문,Aves,조강,Passeriformes,참새목,Timaliidae,붉은머리오목눈이과,Panurus,수염오목눈이속,,,biarmicus,수염오목눈이
469,조류,Paradoxornis webbianus,붉은머리오목눈이,(Gould),-1852,,Chordata,척삭동물문,Aves,조강,Passeriformes,참새목,Timaliidae,붉은머리오목눈이과,Paradoxornis,붉은머리오목눈이속,,,webbianus,붉은머리오목눈이
470,조류,Troglodytes troglodytes,굴뚝새,(Linnaeus),-1758,,Chordata,척삭동물문,Aves,조강,Passeriformes,참새목,Troglodytidae,굴뚝새과,Troglodytes,굴뚝새속,,,troglodytes,굴뚝새
471,조류,Turdus atrogularis,검은목지빠귀,Jarocki,1819,,Chordata,척삭동물문,Aves,조강,Passeriformes,참새목,Turdidae,지빠귀과,Turdus,지빠귀속,,,atrogularis,검은목지빠귀
472,조류,Turdus cardis,검은지빠귀,Temminck,1831,,Chordata,척삭동물문,Aves,조강,Passeriformes,참새목,Turdidae,지빠귀과,Turdus,지빠귀속,,,cardis,검은지빠귀
473,조류,Turdus chrysolaus,붉은배지빠귀,Temminck,1831,,Chordata,척삭동물문,Aves,조강,Passeriformes,참새목,Turdidae,지빠귀과,Turdus,지빠귀속,,,chrysolaus,붉은배지빠귀
474,조류,Turdus eunomus,개똥지빠귀,Temminck,1831,,Chordata,척삭동물문,Aves,조강,Passeriformes,참새목,Turdidae,지빠귀과,Turdus,지빠귀속,,,eunomus,개똥지빠귀
475,조류,Turdus feae,갈색지빠귀,Salvadori,1887,,Chordata,척삭동물문,Aves,조강,Passeriformes,참새목,Turdidae,지빠귀과,Turdus,지빠귀속,,,feae,갈색지빠귀
476,조류,Turdus hortulorum,되지빠귀,Sclater,1863,,Chordata,척삭동물문,Aves,조강,Passeriformes,참새목,Turdidae,지빠귀과,Turdus,지빠귀속,,,hortulorum,되지빠귀
477,조류,Turdus iliacus,붉은날개지빠귀,Linnaeus,1766,,Chordata,척삭동물문,Aves,조강,Passeriformes,참새목,Turdidae,지빠귀과,Turdus,지빠귀속,,,iliacus,붉은날개지빠귀
478,조류,Turdus merula,대륙검은지빠귀,Linnaeus,1758,,Chordata,척삭동물문,Aves,조강,Passeriformes,참새목,Turdidae,지빠귀과,Turdus,지빠귀속,,,merula,대륙검은지빠귀
479,조류,Turdus mupinensis,큰점지빠귀,Laubmann,1920,,Chordata,척삭동물문,Aves,조강,Passeriformes,참새목,Turdidae,지빠귀과,Turdus,지빠귀속,,,mupinensis,큰점지빠귀
480,조류,Turdus naumanni,노랑지빠귀,Temminck,1820,,Chordata,척삭동물문,Aves,조강,Passeriformes,참새목,Turdidae,지빠귀과,Turdus,지빠귀속,,,naumanni,노랑지빠귀
481,조류,Turdus obscurus,흰눈썹붉은배지빠귀,Gmelin,1789,,Chordata,척삭동물문,Aves,조강,Passeriformes,참새목,Turdidae,지빠귀과,Turdus,지빠귀속,,,obscurus,흰눈썹붉은배지빠귀
482,조류,Turdus pallidus,흰배지빠귀,Gmelin,1789,,Chordata,척삭동물문,Aves,조강,Passeriformes,참새목,Turdidae,지빠귀과,Turdus,지빠귀속,,,pallidus,흰배지빠귀
483,조류,Turdus pilaris,회색머리지빠귀,Linnaeus,1758,,Chordata,척삭동물문,Aves,조강,Passeriformes,참새목,Turdidae,지빠귀과,Turdus,지빠귀속,,,pilaris,회색머리지빠귀
484,조류,Turdus ruficollis,붉은목지빠귀,Pallas,1776,,Chordata,척삭동물문,Aves,조강,Passeriformes,참새목,Turdidae,지빠귀과,Turdus,지빠귀속,,,ruficollis,붉은목지빠귀
485,조류,Zoothera aurea,호랑지빠귀,(Holandre),-1825,,Chordata,척삭동물문,Aves,조강,Passeriformes,참새목,Turdidae,지빠귀과,Zoothera,호랑지빠귀속,,,aurea,호랑지빠귀
486,조류,Zoothera citrina,귤빛지빠귀,(Latham),-1790,,Chordata,척삭동물문,Aves,조강,Passeriformes,참새목,Turdidae,지빠귀과,Zoothera,호랑지빠귀속,,,citrina,귤빛지빠귀
487,조류,Zoothera sibirica,흰눈썹지빠귀,(Pallas),-1776,,Chordata,척삭동물문,Aves,조강,Passeriformes,참새목,Turdidae,지빠귀과,Zoothera,호랑지빠귀속,,,sibirica,흰눈썹지빠귀
488,조류,Zosterops erythropleurus,한국동박새,Swinhoe,1863,,Chordata,척삭동물문,Aves,조강,Passeriformes,참새목,Zosteropidae,동박새과,Zosterops,동박새속,,,erythropleurus,한국동박새
489,조류,Zosterops japonicus,동박새,Temminck & Schlegel,1845,,Chordata,척삭동물문,Aves,조강,Passeriformes,참새목,Zosteropidae,동박새과,Zosterops,동박새속,,,japonicus,동박새
490,조류,Fregata ariel,군함조,(G.R.Gray),-1845,,Chordata,척삭동물문,Aves,조강,Pelecaniformes,사다새목,Fregatidae,군함조과,Fregata,군함조속,,,ariel,군함조
491,조류,Fregata minor,큰군함조,(Gmelin),-1789,,Chordata,척삭동물문,Aves,조강,Pelecaniformes,사다새목,Fregatidae,군함조과,Fregata,군함조속,,,minor,큰군함조
492,조류,Pelecanus crispus,사다새,Bruch,1832,,Chordata,척삭동물문,Aves,조강,Pelecaniformes,사다새목,Pelecanidae,사다새과,Pelecanus,사다새속,,,crispus,사다새
493,조류,Pelecanus onocrotalus,큰사다새,Linnaeus,1758,,Chordata,척삭동물문,Aves,조강,Pelecaniformes,사다새목,Pelecanidae,사다새과,Pelecanus,사다새속,,,onocrotalus,큰사다새
494,조류,Phalacrocorax capillatus,가마우지,(Temminck & Schlegel),-1850,,Chordata,척삭동물문,Aves,조강,Pelecaniformes,사다새목,Phalacrocoracidae,가마우지과,Phalacrocorax,가마우지속,,,capillatus,가마우지
495,조류,Phalacrocorax carbo,민물가마우지,(Linnaeus),-1758,,Chordata,척삭동물문,Aves,조강,Pelecaniformes,사다새목,Phalacrocoracidae,가마우지과,Phalacrocorax,가마우지속,,,carbo,민물가마우지
496,조류,Phalacrocorax pelagicus,쇠가마우지,Pallas,1811,,Chordata,척삭동물문,Aves,조강,Pelecaniformes,사다새목,Phalacrocoracidae,가마우지과,Phalacrocorax,가마우지속,,,pelagicus,쇠가마우지
497,조류,Phalacrocorax urile,붉은뺨가마우지,(Gmelin),-1789,,Chordata,척삭동물문,Aves,조강,Pelecaniformes,사다새목,Phalacrocoracidae,가마우지과,Phalacrocorax,가마우지속,,,urile,붉은뺨가마우지
498,조류,Sula dactylatra,푸른얼굴얼가니새,Lesson,1831,,Chordata,척삭동물문,Aves,조강,Pelecaniformes,사다새목,Sulidae,얼가니새과,Sula,얼가니새속,,,dactylatra,푸른얼굴얼가니새
499,조류,Sula leucogaster,갈색얼가니새,(Boddaert),-1783,,Chordata,척삭동물문,Aves,조강,Pelecaniformes,사다새목,Sulidae,얼가니새과,Sula,얼가니새속,,,leucogaster,갈색얼가니새
500,조류,Sula sula,붉은발얼가니새,(Linnaeus),-1766,,Chordata,척삭동물문,Aves,조강,Pelecaniformes,사다새목,Sulidae,얼가니새과,Sula,얼가니새속,,,sula,붉은발얼가니새
501,조류,Dendrocopos canicapillus,아물쇠딱다구리,(Blyth),-1845,,Chordata,척삭동물문,Aves,조강,Piciformes,딱다구리목,Picidae,딱다구리과,Dendrocopos,딱다구리속,,,canicapillus,아물쇠딱다구리
502,조류,Dendrocopos kizuki,쇠딱다구리,(Temminck),-1836,,Chordata,척삭동물문,Aves,조강,Piciformes,딱다구리목,Picidae,딱다구리과,Dendrocopos,딱다구리속,,,kizuki,쇠딱다구리
503,조류,Dendrocopos leucotos,큰오색딱다구리,(Bechstein),-1803,,Chordata,척삭동물문,Aves,조강,Piciformes,딱다구리목,Picidae,딱다구리과,Dendrocopos,딱다구리속,,,leucotos,큰오색딱다구리
504,조류,Dendrocopos major,오색딱다구리,(Linnaeus),-1758,,Chordata,척삭동물문,Aves,조강,Piciformes,딱다구리목,Picidae,딱다구리과,Dendrocopos,딱다구리속,,,major,오색딱다구리
505,조류,Dendrocopos minor,쇠오색딱다구리,(Linnaeus),-1758,,Chordata,척삭동물문,Aves,조강,Piciformes,딱다구리목,Picidae,딱다구리과,Dendrocopos,딱다구리속,,,minor,쇠오색딱다구리
506,조류,Dryocopus javensis,크낙새,(Horsfield),-1821,Ⅰ,Chordata,척삭동물문,Aves,조강,Piciformes,딱다구리목,Picidae,딱다구리과,Dryocopus,까막딱다구리속,,,javensis,크낙새
507,조류,Dryocopus martius,까막딱다구리,(Linnaeus),-1758,Ⅱ,Chordata,척삭동물문,Aves,조강,Piciformes,딱다구리목,Picidae,딱다구리과,Dryocopus,까막딱다구리속,,,martius,까막딱다구리
508,조류,Hypopicus hyperythrus,붉은배오색딱다구리,(Vigors),-1831,,Chordata,척삭동물문,Aves,조강,Piciformes,딱다구리목,Picidae,딱다구리과,Hypopicus,붉은배오색딱다구리속,,,hyperythrus,붉은배오색딱다구리
509,조류,Jynx torquilla,개미잡이,Linnaeus,1758,,Chordata,척삭동물문,Aves,조강,Piciformes,딱다구리목,Picidae,딱다구리과,Jynx,개미잡이속,,,torquilla,개미잡이
510,조류,Picoides tridactylus,세가락딱다구리,(Linnaeus),-1758,,Chordata,척삭동물문,Aves,조강,Piciformes,딱다구리목,Picidae,딱다구리과,Picoides,세가락딱다구리속,,,tridactylus,세가락딱다구리
511,조류,Picus canus,청딱다구리,Gmelin,1788,,Chordata,척삭동물문,Aves,조강,Piciformes,딱다구리목,Picidae,딱다구리과,Picus,청딱다구리속,,,canus,청딱다구리
512,조류,Podiceps auritus,귀뿔논병아리,(Linnaeus),-1758,,Chordata,척삭동물문,Aves,조강,Podicipediformes,논병아리목,Podicipedidae,논병아리과,Podiceps,뿔논병아리속,,,auritus,귀뿔논병아리
513,조류,Podiceps cristatus,뿔논병아리,(Linnaeus),-1758,,Chordata,척삭동물문,Aves,조강,Podicipediformes,논병아리목,Podicipedidae,논병아리과,Podiceps,뿔논병아리속,,,cristatus,뿔논병아리
514,조류,Podiceps grisegena,큰논병아리,(Boddaert),-1783,,Chordata,척삭동물문,Aves,조강,Podicipediformes,논병아리목,Podicipedidae,논병아리과,Podiceps,뿔논병아리속,,,grisegena,큰논병아리
515,조류,Podiceps nigricollis,검은목논병아리,C.L.Brehm,1831,,Chordata,척삭동물문,Aves,조강,Podicipediformes,논병아리목,Podicipedidae,논병아리과,Podiceps,뿔논병아리속,,,nigricollis,검은목논병아리
516,조류,Tachybaptus ruficollis,논병아리,(Pallas),-1764,,Chordata,척삭동물문,Aves,조강,Podicipediformes,논병아리목,Podicipedidae,논병아리과,Tachybaptus,논병아리속,,,ruficollis,논병아리
517,조류,Phoebastria albatrus,알바트로스,(Pallas),-1769,,Chordata,척삭동물문,Aves,조강,Procellariiformes,슴새목,Diomedeidae,알바트로스과,Phoebastria,알바트로스속,,,albatrus,알바트로스
518,조류,Phoebastria immutabilis,레이산알바트로스,Rothschild,1893,,Chordata,척삭동물문,Aves,조강,Procellariiformes,슴새목,Diomedeidae,알바트로스과,Phoebastria,알바트로스속,,,immutabilis,레이산알바트로스
519,조류,Oceanodroma monorhis,바다제비,(Swinhoe),-1867,,Chordata,척삭동물문,Aves,조강,Procellariiformes,슴새목,Hydrobatidae,바다제비과,Oceanodroma,바다제비속,,,monorhis,바다제비
520,조류,Bulweria bulwerii,검은슴새,(Jardine & Selby),-1828,,Chordata,척삭동물문,Aves,조강,Procellariiformes,슴새목,Procellariidae,슴새과,Bulweria,검은슴새속,,,bulwerii,검은슴새
521,조류,Calonectris leucomelas,슴새,(Temminck),-1835,,Chordata,척삭동물문,Aves,조강,Procellariiformes,슴새목,Procellariidae,슴새과,Calonectris,슴새속,,,leucomelas,슴새
522,조류,Pterodroma hypoleuca,흰배슴새,(Salvin),-1888,,Chordata,척삭동물문,Aves,조강,Procellariiformes,슴새목,Procellariidae,슴새과,Pterodroma,흰배슴새속,,,hypoleuca,흰배슴새
523,조류,Puffinus carneipes,붉은발슴새,Gould,1844,,Chordata,척삭동물문,Aves,조강,Procellariiformes,슴새목,Procellariidae,슴새과,Puffinus,쇠부리슴새속,,,carneipes,붉은발슴새
524,조류,Puffinus tenuirostris,쇠부리슴새,(Temminck),-1835,,Chordata,척삭동물문,Aves,조강,Procellariiformes,슴새목,Procellariidae,슴새과,Puffinus,쇠부리슴새속,,,tenuirostris,쇠부리슴새
525,조류,Asio flammeus,쇠부엉이,(Pontoppidan),-1763,,Chordata,척삭동물문,Aves,조강,Strigiformes,올빼미목,Strigidae,올빼미과,Asio,칡부엉이속,,,flammeus,쇠부엉이
526,조류,Asio otus,칡부엉이,(Linnaeus),-1758,,Chordata,척삭동물문,Aves,조강,Strigiformes,올빼미목,Strigidae,올빼미과,Asio,칡부엉이속,,,otus,칡부엉이
527,조류,Athene noctua,금눈쇠올빼미,(Scopoli),-1769,,Chordata,척삭동물문,Aves,조강,Strigiformes,올빼미목,Strigidae,올빼미과,Athene,금눈쇠올빼미속,,,noctua,금눈쇠올빼미
528,조류,Bubo bubo,수리부엉이,(Linnaeus),-1758,Ⅱ,Chordata,척삭동물문,Aves,조강,Strigiformes,올빼미목,Strigidae,올빼미과,Bubo,수리부엉이속,,,bubo,수리부엉이
529,조류,Ninox scutulata,솔부엉이,(Raffles),-1822,,Chordata,척삭동물문,Aves,조강,Strigiformes,올빼미목,Strigidae,올빼미과,Ninox,솔부엉이속,,,scutulata,솔부엉이
530,조류,Nyctea scandiaca,흰올빼미,(Linnaeus),-1758,,Chordata,척삭동물문,Aves,조강,Strigiformes,올빼미목,Strigidae,올빼미과,Nyctea,흰올빼미속,,,scandiaca,흰올빼미
531,조류,Otus bakkamoena,큰소쩍새,Pennant,1769,,Chordata,척삭동물문,Aves,조강,Strigiformes,올빼미목,Strigidae,올빼미과,Otus,소쩍새속,,,bakkamoena,큰소쩍새
532,조류,Otus sunia,소쩍새,(Hodgson),-1836,,Chordata,척삭동물문,Aves,조강,Strigiformes,올빼미목,Strigidae,올빼미과,Otus,소쩍새속,,,sunia,소쩍새
533,조류,Strix aluco,올빼미,Linnaeus,1758,Ⅱ,Chordata,척삭동물문,Aves,조강,Strigiformes,올빼미목,Strigidae,올빼미과,Strix,올빼미속,,,aluco,올빼미
534,조류,Strix uralensis,긴점박이올빼미,Pallas,1771,Ⅱ,Chordata,척삭동물문,Aves,조강,Strigiformes,올빼미목,Strigidae,올빼미과,Strix,올빼미속,,,uralensis,긴점박이올빼미
535,조류,Surnia ulula,긴꼬리올빼미,(Linnaeus),-1758,,Chordata,척삭동물문,Aves,조강,Strigiformes,올빼미목,Strigidae,올빼미과,Surnia,긴꼬리올빼미속,,,ulula,긴꼬리올빼미
536,조류,Tyto capensis,가면올빼미,(A.Smith),-1834,,Chordata,척삭동물문,Aves,조강,Strigiformes,올빼미목,Tytonidae,가면올빼미과,Tyto,가면올빼미속,,,capensis,가면올빼미
537,조류,Turnix tanki,세가락메추라기,Blyth,1843,,Chordata,척삭동물문,Aves,조강,Turniciformes,세가락메추라기목,Turnicidae,세가락메추라기과,Turnix,세가락메추라기속,,,tanki,세가락메추라기
